customer_id,age,gender,region,education_level,employment_type,annual_income,loan_amount,loan_purpose,credit_score,repayment_history,transaction_count,spending_ratio,join_date,default_flag
1,23.0,,East,Secondary,Unemployed,210064.0,910751.0,Education,380.0,8,178,15.88,2018-03-31,1
2,49.0,Other,North,Secondary,Salaried,1196004.0,108369.0,Car,540.0,3,103,45.48,2020-06-24,0
3,55.0,Female,West,Primary,Unemployed,,1139110.0,Other,576.0,12,184,50.95,2023-09-07,0
4,59.0,Female,West,Secondary,Unemployed,1189361.0,340698.0,Home,691.0,4,197,16.91,2020-03-26,0
5,38.0,Other,North,Primary,Unemployed,1191859.0,296844.0,Education,,7,108,31.63,2018-08-15,0
6,40.0,Male,South,Post-Graduate,Self-Employed,316313.0,779757.0,Business,767.0,11,34,68.02,2016-01-30,0
7,63.0,Male,East,Secondary,Unemployed,1635500.0,,Education,797.0,8,170,72.79,2020-07-10,0
8,,Other,South,Primary,Salaried,893411.0,684570.0,Other,,2,118,67.76,2019-11-16,0
9,54.0,Female,East,Secondary,Salaried,597158.0,147909.0,Education,785.0,11,32,32.39,2020-02-12,0
10,53.0,Male,East,Post-Graduate,Self-Employed,1499975.0,1208980.0,Home,794.0,3,199,87.42,2019-10-04,0
11,30.0,Male,West,Graduate,Unemployed,939190.0,683455.0,Business,803.0,9,141,36.22,2021-06-03,0
12,53.0,Other,West,Post-Graduate,Self-Employed,1937098.0,1430783.0,Home,389.0,5,155,77.86,2016-02-09,0
13,53.0,Female,West,Secondary,Salaried,1169569.0,952358.0,Car,735.0,7,187,64.79,2021-04-12,1
14,46.0,Male,West,Secondary,Unemployed,1313109.0,,Business,305.0,8,127,43.11,2020-05-31,0
15,40.0,Female,West,Post-Graduate,Salaried,941435.0,1103452.0,Business,752.0,12,136,36.65,2018-04-23,1
16,35.0,Female,West,Primary,Self-Employed,331089.0,403033.0,Other,,7,156,58.65,2021-02-26,0
17,57.0,Female,North,Graduate,Self-Employed,,531494.0,Car,657.0,8,98,28.47,2016-10-12,0
18,53.0,Male,South,Post-Graduate,Salaried,607441.0,151719.0,Home,574.0,7,177,46.34,2017-02-07,0
19,37.0,Female,East,Graduate,Unemployed,381358.0,562362.0,Car,771.0,2,69,57.43,2019-06-21,0
20,25.0,Male,North,Post-Graduate,Self-Employed,1958176.0,1446536.0,Business,840.0,2,161,69.36,2018-12-15,0
21,24.0,Other,North,Post-Graduate,Unemployed,1592322.0,1350181.0,Car,831.0,11,93,27.71,2020-01-07,1
22,23.0,Male,West,Post-Graduate,Self-Employed,,1128262.0,Home,327.0,0,112,15.43,2022-09-29,0
23,41.0,Male,East,Post-Graduate,Self-Employed,717712.0,780620.0,Car,385.0,10,124,24.94,2019-12-03,0
24,60.0,Other,South,Secondary,Salaried,762043.0,932547.0,Other,451.0,2,68,60.95,2020-12-05,0
25,23.0,Male,South,Post-Graduate,Unemployed,1477924.0,565655.0,Car,646.0,0,111,74.29,2024-03-02,1
26,41.0,Male,South,Primary,Salaried,,644286.0,Car,588.0,4,19,27.5,2021-04-30,0
27,28.0,Other,South,Secondary,Salaried,1354991.0,145270.0,Education,571.0,8,59,54.88,2019-01-12,0
28,62.0,Other,North,Primary,Salaried,1051577.0,1142859.0,Education,323.0,5,64,41.17,2018-09-16,1
29,56.0,Male,South,Graduate,Self-Employed,1966033.0,1182382.0,Education,773.0,8,56,12.15,2016-04-18,0
30,,Male,West,Post-Graduate,Unemployed,1046709.0,1083616.0,Business,329.0,10,73,17.28,2022-08-07,0
31,59.0,Male,South,Post-Graduate,Unemployed,635995.0,1064831.0,Business,408.0,7,54,12.52,2020-11-29,0
32,54.0,Other,East,Secondary,Salaried,539573.0,909371.0,Home,438.0,10,187,48.75,2021-10-13,0
33,42.0,Male,East,Primary,Unemployed,1271291.0,1041111.0,Home,804.0,9,156,68.65,2022-11-01,0
34,51.0,Male,East,Primary,Salaried,994899.0,1325355.0,Business,654.0,7,86,14.88,2023-11-06,1
35,48.0,Female,West,Secondary,Self-Employed,1474281.0,1096773.0,Home,620.0,8,74,32.12,2018-06-02,0
36,55.0,Female,East,Post-Graduate,Self-Employed,609618.0,859186.0,Home,571.0,7,114,12.7,2016-01-09,0
37,54.0,Male,West,Graduate,,922667.0,856510.0,Car,405.0,12,86,25.4,2017-06-16,0
38,33.0,Other,West,Primary,Unemployed,1557576.0,1165985.0,Business,802.0,4,113,59.5,2019-05-14,1
39,61.0,Other,West,Primary,Unemployed,587974.0,291434.0,Business,302.0,5,24,44.98,2018-08-04,0
40,24.0,Male,North,Post-Graduate,Salaried,731739.0,324804.0,Business,434.0,10,107,29.83,2021-07-14,0
41,63.0,Other,South,Secondary,Self-Employed,1609355.0,209264.0,Home,737.0,5,101,31.99,2018-12-24,0
42,26.0,Male,South,Primary,Self-Employed,769233.0,803246.0,Other,471.0,10,161,20.13,2021-06-17,0
43,21.0,,North,Primary,Unemployed,1266420.0,905387.0,Other,333.0,4,28,61.01,2022-09-01,0
44,32.0,,West,Graduate,Salaried,1125033.0,1445864.0,Other,525.0,1,100,72.21,2022-03-18,1
45,55.0,Male,North,Graduate,Unemployed,1097390.0,281662.0,Business,555.0,3,152,56.46,2020-08-21,0
46,31.0,Other,North,Primary,Unemployed,1017133.0,430468.0,Car,718.0,0,11,42.24,2018-01-06,1
47,43.0,Female,West,Secondary,Salaried,1616920.0,780270.0,Education,317.0,12,21,24.1,2018-03-19,1
48,,Male,North,Graduate,Salaried,1680399.0,409940.0,Home,337.0,3,195,68.18,2023-03-13,0
49,39.0,Female,South,Post-Graduate,Self-Employed,358622.0,388640.0,Education,456.0,9,160,17.97,2024-01-22,1
50,57.0,Male,North,Post-Graduate,Unemployed,644582.0,1326589.0,Home,,9,177,29.03,2019-04-16,0
51,36.0,Other,South,Post-Graduate,Unemployed,1227956.0,,Business,530.0,3,136,66.2,2019-09-22,1
52,,Female,East,Graduate,Unemployed,518808.0,1141479.0,Education,470.0,11,169,13.12,2023-03-20,1
53,48.0,Female,East,Graduate,Unemployed,692002.0,1433730.0,Car,353.0,11,57,52.73,2023-07-18,0
54,51.0,Female,North,Post-Graduate,Salaried,1098516.0,791912.0,Business,707.0,2,52,20.87,2016-05-08,0
55,27.0,Female,South,Graduate,Salaried,1834316.0,204130.0,Other,633.0,8,111,59.59,2023-04-06,1
56,47.0,Other,East,Post-Graduate,Unemployed,1768468.0,522837.0,Education,477.0,7,69,84.43,2020-07-25,0
57,37.0,Male,East,Post-Graduate,,972437.0,352807.0,Car,301.0,5,89,43.8,2022-08-30,0
58,27.0,Other,North,Secondary,Unemployed,1583015.0,1357623.0,Business,736.0,6,182,15.32,2020-03-31,1
59,35.0,Female,South,Primary,Unemployed,362245.0,386202.0,Business,782.0,1,65,12.44,2020-12-14,1
60,,Male,North,Secondary,Unemployed,,1435677.0,Home,528.0,3,38,85.15,2023-05-24,0
61,32.0,Female,South,Post-Graduate,Unemployed,1464301.0,294130.0,Car,752.0,5,187,47.48,2020-08-11,0
62,28.0,Female,West,Graduate,Unemployed,,1055203.0,Other,,10,40,82.51,2016-06-30,0
63,,Male,South,Primary,Salaried,,1143299.0,Other,454.0,12,97,42.93,2016-05-28,1
64,64.0,Female,South,Graduate,Unemployed,1985768.0,401185.0,Business,390.0,9,87,34.56,2018-10-08,0
65,,Female,South,Primary,Unemployed,776170.0,373937.0,Home,342.0,2,129,32.0,2021-11-16,0
66,46.0,Other,North,Secondary,Self-Employed,1367129.0,1017766.0,Car,471.0,10,97,50.81,2018-10-08,0
67,41.0,Female,East,Primary,Salaried,959556.0,,Home,780.0,11,78,69.86,2019-10-09,1
68,33.0,,South,Post-Graduate,Salaried,509798.0,,Business,550.0,5,33,58.25,2022-07-31,1
69,39.0,Other,South,Primary,Unemployed,1856482.0,67222.0,Car,834.0,10,178,59.72,2023-08-11,0
70,38.0,Female,South,Primary,Self-Employed,1338460.0,62423.0,Business,567.0,0,132,21.62,2021-05-06,0
71,22.0,Other,West,Post-Graduate,Salaried,562797.0,126605.0,Education,698.0,7,61,57.52,2017-05-22,0
72,62.0,Other,North,Post-Graduate,Unemployed,810364.0,1148430.0,Other,700.0,0,57,27.34,2019-04-09,1
73,48.0,Other,South,Post-Graduate,Unemployed,1814515.0,228529.0,Home,787.0,7,43,72.89,2017-10-14,1
74,43.0,Male,West,Secondary,Self-Employed,1867118.0,1057949.0,Car,750.0,4,57,25.29,2019-03-13,0
75,24.0,Female,East,Post-Graduate,Unemployed,,112445.0,Education,503.0,11,136,33.98,2020-03-24,0
76,24.0,Other,West,Secondary,Self-Employed,628933.0,1357453.0,Education,404.0,1,186,17.39,2023-10-21,1
77,32.0,Other,West,Secondary,Unemployed,1186620.0,507979.0,Car,379.0,11,77,82.39,2021-03-06,0
78,42.0,Other,West,Secondary,Salaried,326261.0,1320601.0,Business,377.0,6,74,28.55,2016-03-30,0
79,46.0,Male,South,Post-Graduate,Unemployed,1760751.0,745369.0,Business,,2,144,17.44,2020-08-06,0
80,60.0,,East,Primary,Unemployed,329514.0,1160666.0,Business,408.0,11,87,31.03,2017-08-12,0
81,62.0,Female,East,Graduate,Salaried,,1241426.0,Business,500.0,4,191,41.49,2017-07-04,0
82,55.0,Female,West,Secondary,Unemployed,1842699.0,631805.0,Education,480.0,8,170,24.94,2019-09-06,1
83,24.0,Other,North,Secondary,Salaried,1521036.0,297307.0,Business,777.0,12,98,47.71,2016-07-17,0
84,32.0,Female,West,Post-Graduate,Self-Employed,1620758.0,1161276.0,Car,,10,80,88.87,2016-07-09,0
85,24.0,,East,Post-Graduate,Unemployed,1880438.0,871197.0,Education,671.0,12,93,87.06,2017-07-20,0
86,51.0,,South,Secondary,Salaried,1014488.0,760668.0,Business,764.0,1,84,23.28,2021-01-07,0
87,27.0,Female,East,Secondary,Salaried,1881700.0,1252411.0,Business,713.0,12,69,68.6,2023-08-14,0
88,30.0,,South,Secondary,Salaried,1946564.0,377716.0,Car,729.0,7,131,28.59,2018-05-10,1
89,44.0,Male,East,Graduate,Salaried,1193242.0,1171156.0,Education,473.0,9,22,86.42,2023-08-31,0
90,35.0,Male,South,Secondary,Self-Employed,1977001.0,260366.0,Education,,12,120,43.36,2016-11-12,0
91,59.0,Female,North,Secondary,Salaried,1223731.0,649831.0,Education,811.0,10,61,40.35,2023-10-24,0
92,40.0,Female,South,Primary,Self-Employed,1239215.0,1215300.0,Home,554.0,8,64,88.57,2020-11-07,1
93,27.0,Female,West,Graduate,Salaried,1040959.0,87791.0,Education,495.0,9,59,51.47,2021-11-17,1
94,33.0,Female,North,Primary,Self-Employed,368240.0,1260373.0,Other,,3,5,23.55,2021-09-15,0
95,48.0,Other,South,Post-Graduate,Self-Employed,,1150216.0,Education,535.0,11,20,56.27,2019-10-16,1
96,59.0,Male,West,Secondary,Salaried,258162.0,142047.0,Other,820.0,1,11,68.49,2016-04-12,0
97,38.0,Female,East,Post-Graduate,Unemployed,1257246.0,848687.0,Education,776.0,3,131,65.96,2016-04-19,0
98,31.0,Male,South,Graduate,,1732077.0,534550.0,Car,818.0,3,122,69.38,2019-05-12,1
99,56.0,Other,West,Primary,Salaried,936469.0,430231.0,Other,,6,20,70.71,2020-04-22,0
100,56.0,,East,Primary,Salaried,1400679.0,575699.0,Home,,4,143,85.29,2022-01-26,0
101,,Female,South,Graduate,Salaried,1615442.0,675951.0,Education,342.0,12,152,57.3,2022-05-04,1
102,37.0,,South,Secondary,Salaried,642407.0,1039490.0,Car,773.0,5,162,52.67,2023-04-14,1
103,,Other,South,Post-Graduate,Unemployed,1262466.0,513836.0,Education,,8,171,73.9,2016-05-08,1
104,61.0,,West,Graduate,Unemployed,1754061.0,734875.0,Other,411.0,9,67,16.79,2021-10-27,0
105,43.0,Female,North,Primary,Unemployed,,,Business,513.0,4,118,39.34,2018-05-06,0
106,36.0,Female,East,Secondary,Salaried,527998.0,1402007.0,Car,725.0,7,66,59.69,2022-04-22,1
107,61.0,Female,North,Primary,Self-Employed,1709125.0,718008.0,Other,594.0,8,173,42.73,2022-08-22,1
108,46.0,Female,North,Secondary,Unemployed,956950.0,1342215.0,Home,654.0,1,174,68.28,2021-12-06,0
109,21.0,Male,North,Post-Graduate,Unemployed,1509026.0,103924.0,Home,585.0,9,102,53.5,2016-08-21,0
110,56.0,Other,North,Secondary,Salaried,289417.0,812838.0,Education,723.0,9,59,69.21,2020-09-23,1
111,50.0,Male,South,Post-Graduate,Salaried,1643624.0,839778.0,Car,575.0,8,97,72.74,2022-11-30,1
112,22.0,Female,West,Post-Graduate,Unemployed,221010.0,932500.0,Car,474.0,2,11,50.6,2018-09-16,1
113,40.0,Other,South,Primary,Self-Employed,,699827.0,Other,705.0,2,7,69.14,2021-01-04,0
114,25.0,Other,West,Graduate,Self-Employed,1504762.0,516930.0,Other,627.0,3,10,23.68,2022-11-05,0
115,51.0,,West,Graduate,Salaried,379112.0,651400.0,Home,403.0,5,52,39.81,2016-02-26,0
116,,Other,North,Post-Graduate,Self-Employed,687405.0,1404944.0,Car,,7,55,71.76,2020-01-06,0
117,50.0,Male,North,Graduate,,751800.0,130392.0,Home,732.0,9,17,11.39,2016-09-15,0
118,59.0,Female,North,Graduate,Salaried,467182.0,,Business,,7,153,30.31,2023-03-16,0
119,22.0,Male,West,Primary,Salaried,,152862.0,Car,,11,95,36.55,2018-03-21,0
120,33.0,Male,East,Secondary,Salaried,1896323.0,903044.0,Car,,11,190,78.88,2017-06-11,0
121,24.0,,East,Secondary,Salaried,,682399.0,Car,447.0,2,80,19.42,2017-02-26,1
122,28.0,Female,South,Graduate,Unemployed,1696681.0,460254.0,Home,788.0,3,185,28.15,2022-12-07,0
123,59.0,Male,East,Graduate,Salaried,307751.0,812254.0,Business,,6,82,46.75,2024-02-27,0
124,45.0,Other,North,Primary,Self-Employed,1036297.0,762953.0,Education,364.0,11,106,43.87,2019-08-02,0
125,27.0,Male,West,Primary,Self-Employed,549502.0,807278.0,Education,634.0,12,29,44.86,2019-09-29,1
126,34.0,Other,East,Post-Graduate,Unemployed,468838.0,642557.0,Home,661.0,9,119,37.89,2021-12-18,0
127,49.0,Other,West,Secondary,Unemployed,622357.0,374187.0,Other,612.0,0,86,16.86,2019-05-20,0
128,41.0,Female,North,Post-Graduate,Self-Employed,208026.0,924115.0,Car,645.0,8,56,46.03,2021-04-26,0
129,57.0,Male,East,Primary,,815261.0,178922.0,Car,752.0,12,29,36.51,2016-03-10,0
130,53.0,Male,East,Primary,Salaried,1040189.0,120160.0,Other,702.0,8,10,67.6,2019-07-16,0
131,,Other,West,Primary,Unemployed,320970.0,1219687.0,Car,443.0,3,187,88.17,2016-01-24,1
132,45.0,Other,East,Post-Graduate,Salaried,,884030.0,Other,,11,70,59.68,2018-10-07,1
133,34.0,Other,South,Post-Graduate,Unemployed,1861321.0,859080.0,Education,461.0,10,55,60.97,2018-02-21,0
134,29.0,,East,Primary,Self-Employed,1624030.0,1175633.0,Home,339.0,5,30,14.15,2022-02-06,0
135,35.0,Female,South,Secondary,Self-Employed,1626740.0,773316.0,Other,453.0,11,61,60.8,2017-08-10,1
136,27.0,Male,West,Primary,Unemployed,,1171297.0,Other,398.0,2,168,45.48,2024-01-15,1
137,22.0,Other,West,Graduate,Self-Employed,1547714.0,276879.0,Home,,11,81,19.63,2019-10-14,1
138,51.0,Female,West,Post-Graduate,Self-Employed,921460.0,815441.0,Other,803.0,11,28,82.6,2016-11-13,0
139,27.0,Female,West,Primary,Salaried,1132179.0,1265856.0,Education,507.0,3,59,46.66,2016-10-22,0
140,61.0,Male,South,Primary,Unemployed,,1397555.0,Other,499.0,10,91,85.63,2020-06-19,0
141,31.0,Male,East,Post-Graduate,Unemployed,,1382500.0,Other,602.0,3,153,70.71,2023-12-11,1
142,33.0,Other,North,Post-Graduate,Salaried,583202.0,,Home,722.0,10,154,57.88,2016-05-15,1
143,,Female,North,Post-Graduate,Self-Employed,,1381966.0,Business,762.0,12,171,86.55,2017-07-16,1
144,46.0,Female,North,Primary,Unemployed,,434899.0,Business,364.0,12,116,17.2,2020-10-26,1
145,63.0,Male,West,Post-Graduate,Self-Employed,1127967.0,107645.0,Home,453.0,2,192,48.0,2017-11-15,0
146,28.0,Female,East,Post-Graduate,Self-Employed,721989.0,677329.0,Business,330.0,9,108,52.25,2023-05-17,1
147,34.0,Male,South,Secondary,Unemployed,520507.0,458425.0,Business,797.0,3,186,41.71,2019-10-07,0
148,22.0,Female,East,Secondary,Self-Employed,765863.0,100411.0,Home,708.0,11,100,73.49,2023-08-17,0
149,62.0,,South,Secondary,,999491.0,857424.0,Home,762.0,10,100,32.77,2021-02-05,0
150,35.0,Other,North,Graduate,Salaried,,1052358.0,Other,,0,67,30.77,2020-06-24,0
151,44.0,Other,East,Post-Graduate,Unemployed,1852008.0,616101.0,Home,780.0,2,121,16.46,2023-03-10,0
152,54.0,Female,West,Post-Graduate,Unemployed,768690.0,595454.0,Home,641.0,9,134,69.82,2017-09-29,0
153,24.0,Male,North,Primary,Salaried,503125.0,1312716.0,Car,380.0,12,169,38.01,2021-02-02,1
154,38.0,Male,East,Graduate,Self-Employed,799740.0,1426012.0,Other,552.0,12,113,21.93,2022-10-21,0
155,45.0,Other,North,Secondary,Salaried,1473509.0,1323875.0,Home,454.0,6,29,52.66,2021-11-20,0
156,44.0,Male,East,Post-Graduate,Unemployed,1540771.0,440597.0,Home,767.0,12,59,85.01,2018-05-18,0
157,26.0,Female,West,Graduate,,,780686.0,Other,730.0,12,156,87.48,2021-01-20,0
158,54.0,Other,South,Secondary,Unemployed,1353910.0,684360.0,Other,558.0,7,47,30.18,2023-01-10,1
159,58.0,,South,Primary,Salaried,,931097.0,Other,371.0,10,61,43.26,2021-12-19,0
160,23.0,,West,Secondary,Unemployed,886958.0,1397647.0,Home,506.0,1,71,25.33,2021-05-30,1
161,39.0,Female,North,Graduate,Unemployed,660544.0,1250096.0,Home,418.0,4,20,49.56,2016-07-23,0
162,56.0,Male,South,Graduate,Salaried,1960835.0,740573.0,Education,648.0,0,192,56.42,2016-01-15,1
163,39.0,Male,West,Primary,Self-Employed,1360521.0,293699.0,Other,520.0,4,63,45.18,2016-01-29,1
164,48.0,,East,Post-Graduate,Self-Employed,1313275.0,360681.0,Education,332.0,7,146,49.77,2017-08-03,0
165,30.0,Male,South,Primary,Unemployed,563869.0,635149.0,Car,369.0,5,131,63.14,2017-08-03,1
166,38.0,Female,North,Post-Graduate,Unemployed,989823.0,,Education,,2,106,39.2,2021-10-12,0
167,,Other,North,Graduate,Salaried,1611013.0,89588.0,Other,762.0,5,103,73.87,2022-08-26,1
168,32.0,,North,Primary,Self-Employed,1019916.0,1391158.0,Other,812.0,10,159,72.83,2019-08-05,0
169,,Other,East,Secondary,,1793368.0,187858.0,Other,792.0,11,10,25.15,2023-10-07,1
170,49.0,Other,North,Post-Graduate,Self-Employed,,504064.0,Other,479.0,4,37,44.92,2018-04-14,0
171,32.0,Male,North,Post-Graduate,Unemployed,1653889.0,193263.0,Home,773.0,10,6,84.58,2016-12-23,1
172,31.0,Male,West,Primary,Unemployed,1588008.0,1023812.0,Business,433.0,0,30,20.46,2020-01-08,0
173,24.0,Male,South,Primary,Self-Employed,,900064.0,Home,330.0,11,177,12.97,2017-03-06,0
174,,Male,South,Primary,Salaried,,1448702.0,Other,,6,31,61.63,2017-06-24,0
175,,Male,West,Post-Graduate,Unemployed,891731.0,631218.0,Car,732.0,8,109,60.28,2019-03-04,0
176,48.0,Male,West,Graduate,Salaried,1510148.0,275288.0,Home,761.0,7,78,49.31,2023-05-22,1
177,24.0,Male,North,Graduate,Unemployed,,614673.0,Other,,11,113,81.49,2021-12-17,0
178,56.0,Other,East,Secondary,Unemployed,,575001.0,Home,679.0,7,99,57.61,2021-03-24,1
179,35.0,Other,South,Secondary,Unemployed,1581535.0,1034985.0,Home,574.0,3,35,59.82,2020-01-19,0
180,42.0,Female,North,Graduate,Salaried,660811.0,206881.0,Business,704.0,1,140,77.11,2024-02-24,1
181,44.0,Male,East,Primary,Self-Employed,1310705.0,892991.0,Car,465.0,6,90,12.51,2018-02-04,0
182,44.0,Female,South,Primary,Salaried,1137957.0,362944.0,Business,614.0,8,42,67.65,2017-03-11,0
183,57.0,Male,North,Post-Graduate,Unemployed,987761.0,171182.0,Other,,2,110,16.95,2022-03-01,0
184,25.0,,North,Post-Graduate,Unemployed,,90719.0,Business,775.0,9,143,40.67,2023-05-20,0
185,26.0,Other,West,Secondary,Self-Employed,356845.0,302441.0,Home,391.0,8,15,50.88,2021-11-27,1
186,30.0,Other,East,Post-Graduate,Unemployed,1285871.0,745243.0,Car,391.0,6,108,65.19,2018-05-02,0
187,,Female,North,Post-Graduate,Unemployed,1815578.0,337336.0,Education,412.0,1,131,15.52,2020-05-07,0
188,58.0,Other,North,Secondary,Self-Employed,1291866.0,164120.0,Business,717.0,0,128,73.23,2020-09-29,0
189,54.0,Female,North,Post-Graduate,Self-Employed,912566.0,416774.0,Business,385.0,12,146,63.18,2018-04-01,0
190,26.0,Male,South,Graduate,Salaried,1961013.0,1273222.0,Home,563.0,8,16,23.22,2017-08-23,1
191,30.0,,West,Post-Graduate,Unemployed,307377.0,1426413.0,Education,487.0,9,51,60.75,2017-01-03,1
192,36.0,Male,North,Graduate,Self-Employed,,489577.0,Business,446.0,0,46,67.18,2023-10-26,0
193,49.0,Other,North,Primary,Salaried,1969110.0,575050.0,Home,785.0,4,42,48.59,2017-09-21,1
194,23.0,Other,West,Graduate,Self-Employed,758114.0,142910.0,Business,309.0,11,113,45.13,2016-07-21,0
195,31.0,Other,East,Secondary,Self-Employed,1372144.0,891845.0,Home,798.0,3,67,72.23,2019-03-05,1
196,57.0,,West,Post-Graduate,Unemployed,,381057.0,Home,775.0,12,164,78.54,2020-04-10,0
197,24.0,Other,West,Post-Graduate,Unemployed,1503959.0,966793.0,Car,318.0,10,61,10.99,2017-07-08,0
198,24.0,Female,North,Primary,Salaried,1084252.0,1018072.0,Business,686.0,12,10,14.87,2022-05-17,1
199,44.0,Male,North,Primary,Unemployed,1051938.0,1251962.0,Business,722.0,2,38,77.53,2018-04-27,0
200,48.0,Other,West,Secondary,Unemployed,1036822.0,81560.0,Home,842.0,4,115,84.93,2017-05-29,0
201,55.0,Female,North,Primary,Self-Employed,1156364.0,553138.0,Business,473.0,1,139,45.01,2020-02-22,0
202,58.0,Male,West,Post-Graduate,Salaried,990169.0,691546.0,Other,,12,126,53.41,2016-02-16,0
203,44.0,Male,North,Secondary,Self-Employed,1143925.0,1225105.0,Other,414.0,0,183,18.24,2019-10-22,1
204,42.0,,South,Post-Graduate,Unemployed,1837249.0,1117357.0,Education,433.0,2,199,33.29,2018-03-23,0
205,46.0,,North,Primary,Self-Employed,1289523.0,440500.0,Other,556.0,1,130,67.02,2021-12-21,0
206,38.0,Other,East,Graduate,Self-Employed,1292039.0,224071.0,Business,330.0,11,117,48.76,2017-07-06,0
207,,Male,South,Secondary,Salaried,233027.0,225346.0,Home,359.0,9,70,75.07,2022-02-05,0
208,31.0,Male,West,Graduate,Salaried,1002504.0,60281.0,Home,492.0,9,195,32.21,2021-07-26,0
209,,,North,Post-Graduate,Unemployed,941122.0,133951.0,Education,652.0,10,70,44.24,2016-02-22,0
210,53.0,Female,West,Post-Graduate,Self-Employed,583997.0,807042.0,Business,,8,145,75.05,2017-07-06,1
211,46.0,Female,East,Post-Graduate,Salaried,772275.0,1400964.0,Business,342.0,6,76,78.01,2019-08-31,0
212,56.0,Other,West,Post-Graduate,Unemployed,1370889.0,1082437.0,Education,,9,148,43.96,2018-02-15,0
213,24.0,Other,East,Primary,Salaried,791408.0,1372841.0,Home,553.0,12,112,46.72,2020-09-05,0
214,22.0,Female,South,Secondary,,,1334985.0,Other,796.0,6,7,28.95,2020-12-05,0
215,28.0,Female,East,Secondary,Salaried,,1363512.0,Car,763.0,4,151,44.04,2022-06-29,0
216,,Other,South,Post-Graduate,Unemployed,942002.0,519280.0,Business,727.0,11,31,49.79,2023-01-17,0
217,,,East,Secondary,Salaried,1446518.0,756682.0,Car,393.0,10,173,34.51,2020-10-21,1
218,,Male,South,Primary,Salaried,1308524.0,392822.0,Home,421.0,12,68,19.86,2019-05-07,0
219,60.0,Other,East,Secondary,Salaried,420235.0,692233.0,Business,447.0,7,43,39.01,2017-04-25,1
220,39.0,Other,South,Post-Graduate,Self-Employed,666270.0,815477.0,Business,415.0,10,123,58.39,2022-01-31,1
221,49.0,Male,North,Secondary,Salaried,1209187.0,,Car,430.0,9,161,21.4,2020-09-26,0
222,59.0,Male,South,Graduate,Self-Employed,275532.0,211240.0,Education,436.0,0,194,77.49,2022-03-09,1
223,26.0,Other,West,Post-Graduate,Self-Employed,514649.0,163632.0,Home,463.0,5,153,53.52,2021-03-12,0
224,,Female,North,Primary,Self-Employed,518017.0,329275.0,Education,408.0,5,17,35.36,2020-08-19,0
225,61.0,Female,East,Post-Graduate,Unemployed,1490866.0,640769.0,Home,585.0,12,15,48.73,2021-03-12,0
226,62.0,,South,Graduate,Unemployed,503020.0,764151.0,Education,707.0,0,70,27.48,2019-10-10,1
227,25.0,Female,South,Graduate,Self-Employed,288853.0,833178.0,Education,719.0,10,18,33.84,2018-08-04,1
228,44.0,Female,South,Post-Graduate,Unemployed,1049160.0,141126.0,Education,601.0,0,126,25.35,2021-07-07,1
229,61.0,Male,East,Graduate,Self-Employed,714651.0,670485.0,Other,769.0,5,44,46.82,2022-05-01,1
230,42.0,,West,Post-Graduate,Salaried,1935407.0,81849.0,Car,404.0,8,191,38.86,2022-10-29,0
231,46.0,Male,East,Secondary,,674216.0,768967.0,Car,,1,129,37.79,2016-03-29,1
232,,,South,Graduate,Self-Employed,,381081.0,Car,327.0,3,138,81.3,2023-09-27,0
233,49.0,Other,North,Graduate,,938621.0,601106.0,Home,399.0,0,153,33.73,2019-10-26,1
234,,,South,Primary,Salaried,,851581.0,Home,794.0,5,16,26.03,2018-07-10,0
235,,Other,North,Post-Graduate,Self-Employed,1578261.0,1283089.0,Home,806.0,2,36,22.3,2019-07-06,1
236,38.0,Other,South,Secondary,Self-Employed,1622417.0,1396576.0,Business,690.0,6,159,10.59,2022-06-15,0
237,60.0,Male,West,Graduate,Self-Employed,211387.0,,Other,435.0,5,98,35.51,2019-02-17,1
238,61.0,Female,West,Secondary,Self-Employed,638289.0,1228355.0,Business,648.0,0,99,61.08,2020-05-13,0
239,35.0,Other,East,Secondary,Unemployed,643068.0,811658.0,Car,769.0,7,145,61.87,2021-06-22,0
240,35.0,Male,West,Secondary,Salaried,395931.0,1269170.0,Education,348.0,3,32,89.28,2021-01-30,1
241,44.0,Female,North,Graduate,Unemployed,1509532.0,780378.0,Other,835.0,12,34,83.33,2021-02-11,0
242,49.0,Other,East,Graduate,Self-Employed,1472824.0,503940.0,Business,344.0,6,37,21.4,2018-11-02,0
243,,Female,West,Secondary,Unemployed,1696026.0,88050.0,Business,489.0,9,130,78.06,2020-09-08,1
244,45.0,,South,Primary,Unemployed,896010.0,1091029.0,Business,488.0,5,139,17.24,2022-07-21,0
245,36.0,Male,West,Secondary,Salaried,1658492.0,,Business,649.0,6,197,44.53,2020-07-31,1
246,37.0,Female,East,Primary,Salaried,1018865.0,993474.0,Car,802.0,4,29,50.18,2023-09-19,0
247,41.0,Other,West,Graduate,Salaried,894467.0,1138581.0,Business,,7,63,85.64,2023-09-29,0
248,64.0,Male,North,Secondary,Self-Employed,1255012.0,301020.0,Home,484.0,1,130,55.51,2019-09-11,0
249,47.0,Male,North,Secondary,Salaried,795499.0,441680.0,Business,340.0,9,48,74.34,2019-01-27,0
250,25.0,Female,North,Primary,Unemployed,1367975.0,250344.0,Home,828.0,9,166,87.74,2022-02-16,0
251,42.0,Female,North,Secondary,Unemployed,743234.0,1402785.0,Education,375.0,10,128,75.92,2019-06-16,0
252,53.0,Other,North,Post-Graduate,Self-Employed,710362.0,372351.0,Other,748.0,7,13,27.7,2022-11-26,0
253,60.0,,East,Graduate,Self-Employed,1751937.0,259272.0,Business,657.0,3,132,27.07,2016-04-21,0
254,22.0,Female,West,Post-Graduate,Salaried,,379107.0,Education,642.0,0,89,36.2,2019-11-30,0
255,,Female,East,Primary,Self-Employed,,1036462.0,Other,428.0,11,107,78.58,2016-05-27,0
256,63.0,Female,West,Post-Graduate,Self-Employed,274040.0,775947.0,Business,515.0,12,90,63.49,2018-01-26,0
257,39.0,Female,North,Graduate,Salaried,437917.0,111253.0,Education,590.0,8,177,43.69,2020-03-28,1
258,60.0,Male,South,Primary,Self-Employed,,493608.0,Home,307.0,6,128,35.68,2021-06-07,1
259,47.0,Other,South,Primary,Salaried,,602440.0,Business,536.0,10,116,37.53,2022-06-28,0
260,60.0,Other,South,Primary,Salaried,239378.0,1354144.0,Education,559.0,5,145,59.63,2022-03-06,1
261,56.0,Other,West,Secondary,Unemployed,393004.0,1473667.0,Education,,7,134,10.55,2019-05-01,1
262,59.0,Other,West,Primary,Unemployed,316658.0,1275907.0,Car,,0,103,23.42,2017-11-26,0
263,22.0,Other,East,Post-Graduate,Salaried,556423.0,365259.0,Business,683.0,12,69,74.27,2021-04-03,1
264,61.0,Male,East,Primary,,404268.0,889937.0,Business,479.0,2,134,23.39,2023-01-27,1
265,38.0,Male,West,Graduate,Unemployed,1229027.0,805891.0,Education,357.0,0,149,76.95,2021-06-21,0
266,43.0,Female,North,Graduate,Salaried,1588862.0,1273882.0,Other,,6,195,35.82,2020-03-14,1
267,46.0,,North,Post-Graduate,Unemployed,1062620.0,885722.0,Business,443.0,5,172,87.15,2023-03-12,1
268,31.0,Other,North,Primary,Unemployed,287904.0,437108.0,Business,552.0,12,194,24.0,2023-05-28,1
269,21.0,Male,South,Post-Graduate,Unemployed,1814041.0,727255.0,Business,850.0,11,52,13.37,2023-05-03,0
270,56.0,,East,Secondary,Salaried,732587.0,265107.0,Car,823.0,6,193,75.21,2022-02-20,0
271,,Female,South,Post-Graduate,Self-Employed,1254522.0,689009.0,Education,666.0,4,116,30.51,2020-10-01,0
272,51.0,,East,Post-Graduate,Unemployed,738901.0,1232525.0,Home,479.0,0,156,19.62,2017-11-23,0
273,28.0,Other,North,Primary,Unemployed,1192836.0,955092.0,Education,507.0,11,162,81.27,2018-02-23,0
274,60.0,Other,North,Primary,Unemployed,,1457378.0,Home,585.0,11,96,63.12,2024-03-16,1
275,44.0,Female,North,Graduate,Salaried,1490880.0,898380.0,Car,757.0,2,133,13.23,2016-02-10,0
276,40.0,Female,South,Secondary,Unemployed,1304880.0,1353501.0,Car,802.0,8,146,22.34,2021-08-25,0
277,35.0,Male,North,Secondary,Salaried,506659.0,1048662.0,Business,364.0,6,98,69.3,2018-06-01,1
278,50.0,,North,Post-Graduate,Self-Employed,1957146.0,242124.0,Education,333.0,4,185,80.89,2017-11-16,0
279,40.0,Male,South,Primary,Self-Employed,1871088.0,1101705.0,Home,538.0,0,37,48.72,2019-04-30,0
280,58.0,,North,Secondary,Self-Employed,764884.0,1020673.0,Education,344.0,12,182,87.26,2018-11-22,0
281,22.0,Female,North,Secondary,Unemployed,300874.0,1098079.0,Car,711.0,3,58,43.51,2022-07-14,1
282,26.0,Other,South,Post-Graduate,Salaried,1949499.0,496458.0,Other,575.0,6,76,84.95,2018-04-26,0
283,62.0,Male,West,Graduate,Self-Employed,914561.0,488437.0,Education,665.0,8,65,35.51,2018-03-22,0
284,38.0,Female,East,Primary,Unemployed,1818111.0,1383432.0,Car,766.0,11,5,51.72,2017-04-21,1
285,56.0,Female,North,Secondary,Self-Employed,1564234.0,835700.0,Car,332.0,9,52,12.79,2016-06-21,1
286,34.0,Male,North,Graduate,Unemployed,,225290.0,Other,,8,8,67.08,2020-06-19,0
287,46.0,,South,Primary,Unemployed,966081.0,414703.0,Other,364.0,5,112,61.7,2018-02-05,1
288,54.0,Female,West,Post-Graduate,Unemployed,1052982.0,1280202.0,Home,437.0,5,121,35.24,2022-06-03,1
289,50.0,Other,South,Graduate,Self-Employed,1675918.0,1169415.0,Business,772.0,10,120,13.19,2020-11-19,0
290,27.0,Other,West,Graduate,Salaried,,554157.0,Car,637.0,1,144,84.33,2022-10-21,0
291,50.0,Other,South,Post-Graduate,Unemployed,1557402.0,775733.0,Home,838.0,4,143,46.16,2018-05-22,1
292,38.0,Other,South,Primary,Unemployed,1719991.0,69172.0,Other,662.0,1,140,56.04,2023-04-25,1
293,42.0,Male,West,Primary,Self-Employed,329912.0,307651.0,Education,445.0,11,48,40.84,2021-07-28,0
294,37.0,,West,Secondary,Salaried,1213853.0,1312641.0,Education,749.0,0,99,40.81,2020-03-04,1
295,51.0,Female,East,Graduate,Self-Employed,949802.0,1434025.0,Business,367.0,5,101,25.65,2019-05-28,1
296,37.0,Other,South,Primary,Unemployed,310663.0,929079.0,Home,,10,109,49.62,2017-11-01,0
297,51.0,Female,North,Graduate,Unemployed,,920107.0,Education,687.0,4,74,81.76,2018-02-20,0
298,33.0,Male,North,Post-Graduate,Self-Employed,555923.0,656844.0,Other,314.0,9,75,88.96,2019-07-04,0
299,47.0,Female,West,Primary,Self-Employed,416491.0,369135.0,Home,394.0,3,25,71.21,2016-03-01,1
300,40.0,Female,East,Secondary,Self-Employed,,852921.0,Car,365.0,2,131,88.4,2017-06-05,0
301,37.0,Female,South,Post-Graduate,Salaried,1039388.0,740052.0,Other,729.0,3,163,60.06,2017-12-20,1
302,49.0,Other,East,Primary,Unemployed,396049.0,360348.0,Home,411.0,4,60,25.08,2019-12-27,1
303,59.0,Other,West,Primary,Self-Employed,510612.0,1249100.0,Other,608.0,10,146,79.51,2019-08-22,0
304,55.0,Female,West,Primary,Salaried,726985.0,554028.0,Other,841.0,11,104,78.25,2016-05-22,0
305,28.0,Male,West,Primary,Unemployed,1513612.0,1235997.0,Other,719.0,11,65,46.5,2022-05-23,0
306,63.0,Female,East,Graduate,Self-Employed,897791.0,1250317.0,Home,783.0,3,97,57.2,2022-06-08,0
307,58.0,Male,North,Secondary,Self-Employed,1944781.0,554794.0,Home,665.0,4,55,53.44,2018-12-08,0
308,35.0,Male,North,Graduate,Unemployed,1296720.0,409255.0,Car,477.0,11,151,58.45,2022-01-02,0
309,21.0,,North,Primary,Unemployed,481596.0,710313.0,Education,729.0,2,123,68.5,2022-03-01,0
310,53.0,,East,Post-Graduate,Self-Employed,1412881.0,,Business,612.0,5,21,67.33,2019-09-17,0
311,23.0,Other,South,Graduate,Unemployed,816224.0,567323.0,Home,697.0,7,135,75.34,2018-11-12,0
312,59.0,Female,East,Secondary,Salaried,679499.0,1335194.0,Business,790.0,12,104,23.24,2017-08-23,0
313,58.0,Male,North,Secondary,,646326.0,85577.0,Car,792.0,10,73,53.79,2017-02-27,1
314,35.0,Male,West,Primary,Unemployed,336865.0,863955.0,Business,702.0,10,80,18.69,2023-10-22,0
315,62.0,Female,West,Graduate,Self-Employed,,1054615.0,Other,634.0,9,40,65.23,2016-07-31,0
316,38.0,Male,North,Primary,Salaried,676217.0,51991.0,Business,574.0,11,175,77.01,2023-12-06,0
317,58.0,Other,South,Primary,Self-Employed,,913516.0,Car,470.0,10,186,63.87,2017-12-18,0
318,51.0,Male,West,Secondary,Salaried,547487.0,1198331.0,Education,710.0,9,163,59.01,2016-09-25,0
319,40.0,Other,South,Secondary,Salaried,757181.0,1304582.0,Home,740.0,8,76,34.13,2021-02-24,0
320,27.0,Other,West,Graduate,Salaried,999735.0,1175864.0,Home,603.0,0,131,81.33,2024-01-16,1
321,57.0,Male,North,Post-Graduate,Salaried,1507457.0,863400.0,Business,,8,57,43.22,2022-08-21,0
322,47.0,Female,East,Secondary,Salaried,715334.0,676556.0,Education,321.0,6,8,86.29,2017-07-13,0
323,28.0,Other,East,Primary,Self-Employed,1954803.0,1041102.0,Business,576.0,1,158,87.57,2016-01-08,0
324,34.0,Male,South,Primary,Self-Employed,1669098.0,973221.0,Business,724.0,3,49,29.75,2019-02-03,1
325,35.0,Female,North,Post-Graduate,Unemployed,642369.0,1115795.0,Education,738.0,4,92,68.11,2019-07-04,0
326,27.0,Other,West,Graduate,Salaried,892572.0,1005676.0,Other,528.0,10,138,18.92,2023-01-18,0
327,53.0,Male,South,Primary,Unemployed,475857.0,700044.0,Business,361.0,7,139,82.4,2019-06-18,0
328,54.0,Male,North,Graduate,Salaried,292696.0,554741.0,Car,755.0,8,111,20.52,2016-03-02,0
329,24.0,Male,East,Secondary,Salaried,1046585.0,591027.0,Education,741.0,2,140,20.24,2022-12-16,0
330,21.0,Other,East,Secondary,Unemployed,,218491.0,Car,394.0,11,170,76.77,2016-12-25,1
331,61.0,Male,East,Graduate,Self-Employed,1643485.0,60290.0,Education,477.0,5,53,25.36,2016-10-08,0
332,34.0,Male,South,Primary,Unemployed,1732973.0,1049957.0,Education,402.0,7,34,47.41,2017-05-09,1
333,51.0,Female,East,Primary,Unemployed,1518836.0,1311752.0,Education,753.0,7,130,26.26,2021-07-10,0
334,,Other,South,Primary,Salaried,497659.0,1400405.0,Car,538.0,4,36,60.75,2023-04-04,0
335,,Male,West,Secondary,,,758129.0,Home,483.0,11,27,66.25,2023-11-24,1
336,23.0,Other,East,Primary,Self-Employed,584699.0,350667.0,Other,351.0,9,162,43.45,2019-10-21,0
337,55.0,Male,East,Secondary,Salaried,821946.0,136634.0,Car,474.0,2,122,68.74,2018-04-26,0
338,53.0,Male,East,Primary,Unemployed,816582.0,263845.0,Business,477.0,11,29,18.55,2018-04-18,0
339,35.0,Female,East,Secondary,Unemployed,1643711.0,1199646.0,Car,753.0,4,49,78.61,2016-03-29,1
340,23.0,Male,West,Post-Graduate,Unemployed,1173706.0,910141.0,Home,336.0,11,159,68.43,2017-05-03,0
341,48.0,Male,South,Graduate,Unemployed,660768.0,734848.0,Home,741.0,4,160,22.46,2021-09-18,1
342,47.0,,West,Graduate,Self-Employed,980143.0,1071878.0,Business,635.0,1,67,26.65,2016-07-08,1
343,53.0,Male,North,Graduate,Self-Employed,1627489.0,581874.0,Education,540.0,2,71,38.85,2017-06-11,0
344,39.0,Male,West,Post-Graduate,Self-Employed,,156358.0,Other,830.0,6,176,62.2,2016-12-20,0
345,53.0,Female,South,Post-Graduate,Self-Employed,,695570.0,Home,440.0,6,28,66.21,2023-09-08,0
346,51.0,Male,North,Primary,Self-Employed,604001.0,643710.0,Other,752.0,11,14,84.83,2018-10-25,0
347,24.0,Female,East,Primary,Self-Employed,203151.0,727927.0,Home,444.0,4,185,37.01,2024-02-19,0
348,52.0,,East,Primary,Unemployed,743387.0,275295.0,Other,494.0,2,114,42.44,2020-08-19,0
349,62.0,Female,East,Primary,Salaried,1278780.0,63757.0,Business,464.0,3,5,66.19,2019-09-25,1
350,48.0,Female,North,Secondary,Unemployed,488157.0,865778.0,Other,351.0,12,32,39.11,2021-11-05,0
351,36.0,Male,South,Graduate,Unemployed,1978600.0,1197323.0,Education,,0,103,64.5,2017-09-12,0
352,63.0,Other,North,Post-Graduate,Self-Employed,,913041.0,Home,723.0,6,161,54.6,2017-07-16,1
353,48.0,Male,East,Graduate,Self-Employed,,1186712.0,Car,621.0,10,34,21.58,2017-01-06,0
354,35.0,Male,East,Graduate,Salaried,791222.0,776520.0,Education,300.0,2,156,43.04,2024-02-26,0
355,,Male,East,Post-Graduate,Self-Employed,402807.0,728387.0,Business,743.0,11,17,12.94,2016-05-03,1
356,51.0,,North,Secondary,Unemployed,,731929.0,Other,576.0,7,125,74.2,2020-09-11,1
357,41.0,Male,North,Graduate,Salaried,225640.0,764491.0,Education,746.0,5,146,85.16,2016-05-09,0
358,52.0,Other,South,Graduate,Self-Employed,852748.0,807281.0,Car,320.0,10,119,80.41,2021-05-25,0
359,,,East,Primary,Self-Employed,1763572.0,393375.0,Other,468.0,7,126,42.32,2023-10-10,0
360,53.0,Other,North,Post-Graduate,Salaried,1237029.0,265317.0,Other,506.0,12,85,25.49,2021-06-26,0
361,28.0,Female,North,Secondary,Unemployed,1245432.0,272931.0,Business,525.0,3,102,41.69,2018-10-25,1
362,34.0,Female,West,Post-Graduate,Self-Employed,1671084.0,305568.0,Car,528.0,9,190,31.28,2021-11-15,0
363,45.0,,East,Primary,Salaried,1684813.0,187677.0,Business,609.0,1,23,85.87,2022-10-18,0
364,52.0,Male,East,Graduate,Unemployed,731209.0,295307.0,Home,,7,45,59.41,2021-11-14,0
365,48.0,,North,Secondary,Self-Employed,1283942.0,148059.0,Business,510.0,1,109,49.58,2020-09-10,1
366,22.0,Male,West,Secondary,Unemployed,401950.0,70842.0,Business,683.0,0,174,53.95,2016-02-06,0
367,37.0,Male,East,Post-Graduate,Salaried,834317.0,460675.0,Home,446.0,4,77,21.61,2018-12-25,0
368,47.0,Female,East,Secondary,Unemployed,1334249.0,928950.0,Other,549.0,12,103,83.06,2020-01-19,0
369,22.0,Other,East,Primary,Unemployed,747504.0,1065349.0,Home,416.0,12,195,18.6,2021-09-18,0
370,28.0,Male,North,Primary,Salaried,1742642.0,566449.0,Business,504.0,2,167,38.67,2016-08-12,1
371,58.0,Male,North,Secondary,Salaried,,1473571.0,Education,568.0,0,170,40.7,2018-11-05,1
372,40.0,Other,South,Primary,Unemployed,831332.0,746242.0,Other,682.0,3,105,74.52,2021-04-27,0
373,57.0,Male,South,Post-Graduate,Self-Employed,620063.0,178856.0,Business,,4,180,31.94,2022-06-02,1
374,,Female,East,Graduate,Salaried,,730523.0,Other,461.0,3,169,51.81,2022-06-12,0
375,46.0,Female,West,Secondary,Unemployed,1989815.0,230950.0,Other,720.0,6,77,74.82,2016-05-30,1
376,51.0,,East,Graduate,Salaried,1416907.0,1141887.0,Education,351.0,2,125,85.64,2023-10-13,0
377,40.0,Other,West,Graduate,Self-Employed,1923334.0,1170496.0,Education,310.0,7,78,39.33,2018-07-29,0
378,26.0,,North,Primary,Salaried,636613.0,279246.0,Home,679.0,0,190,43.0,2023-12-26,0
379,35.0,Other,South,Post-Graduate,Unemployed,1762733.0,1357804.0,Education,305.0,4,102,14.22,2018-12-14,0
380,21.0,Female,North,Post-Graduate,Salaried,914101.0,685512.0,Other,654.0,8,6,32.95,2022-02-26,0
381,,Female,West,Post-Graduate,Self-Employed,1850942.0,117346.0,Home,588.0,0,175,57.68,2022-08-30,0
382,49.0,Female,West,Secondary,Self-Employed,1783333.0,711127.0,Business,475.0,1,80,39.17,2018-01-16,0
383,22.0,Male,South,Graduate,Self-Employed,227875.0,1397243.0,Education,435.0,7,122,15.19,2018-12-25,0
384,42.0,Male,North,Primary,,1359167.0,96811.0,Business,328.0,0,52,12.62,2017-09-12,0
385,49.0,Male,East,Post-Graduate,Unemployed,,891934.0,Business,379.0,11,70,13.79,2019-05-31,0
386,29.0,Female,North,Secondary,Unemployed,297258.0,1087947.0,Other,685.0,2,60,31.0,2020-05-28,0
387,61.0,Other,West,Primary,Unemployed,1019680.0,105281.0,Car,360.0,11,86,55.35,2018-12-12,1
388,41.0,Other,North,Post-Graduate,Salaried,998385.0,447691.0,Business,697.0,6,131,45.47,2017-11-15,0
389,52.0,Male,South,Graduate,Salaried,965347.0,1115370.0,Other,849.0,10,22,46.02,2022-03-21,0
390,52.0,Male,North,Post-Graduate,Salaried,,1017777.0,Other,396.0,12,128,69.9,2020-09-22,0
391,64.0,,North,Graduate,Unemployed,621325.0,1365691.0,Business,810.0,11,107,27.86,2022-01-15,0
392,60.0,Male,West,Secondary,Unemployed,,112767.0,Home,643.0,1,107,84.32,2022-01-30,0
393,46.0,Male,East,Post-Graduate,Self-Employed,494801.0,1276976.0,Education,458.0,2,143,12.0,2020-06-28,0
394,33.0,Female,East,Graduate,Unemployed,1063282.0,68049.0,Other,674.0,0,10,77.84,2017-09-06,0
395,,,South,Graduate,Unemployed,625289.0,320403.0,Other,752.0,11,26,64.15,2022-05-29,0
396,52.0,Female,South,Graduate,,616203.0,806840.0,Other,720.0,12,163,22.62,2019-01-24,1
397,53.0,Female,North,Secondary,Self-Employed,1197995.0,904186.0,Other,315.0,7,41,21.6,2019-10-18,0
398,53.0,Male,East,Post-Graduate,Self-Employed,,1312754.0,Home,535.0,10,146,13.86,2022-06-14,0
399,62.0,Female,South,Post-Graduate,Unemployed,1440381.0,146850.0,Other,605.0,9,116,39.69,2021-09-05,0
400,62.0,Female,East,Graduate,Salaried,226987.0,440480.0,Business,,9,44,51.16,2019-06-07,0
401,33.0,Female,West,Graduate,Self-Employed,707933.0,90046.0,Home,772.0,6,182,57.64,2017-08-18,1
402,63.0,Other,South,Post-Graduate,Unemployed,1049232.0,1331975.0,Education,827.0,4,15,42.11,2019-07-09,0
403,26.0,,East,Primary,Self-Employed,510549.0,1062875.0,Home,488.0,9,92,18.09,2020-08-10,0
404,24.0,Other,East,Primary,Self-Employed,707256.0,212601.0,Car,575.0,3,183,38.39,2016-07-01,0
405,58.0,Female,East,Graduate,Self-Employed,584203.0,63408.0,Business,312.0,4,158,55.46,2018-01-31,0
406,26.0,Female,West,Graduate,Self-Employed,800608.0,754656.0,Other,769.0,3,151,78.07,2016-07-23,0
407,23.0,Other,North,Primary,Self-Employed,761439.0,933349.0,Education,334.0,12,105,43.3,2018-02-09,0
408,47.0,Female,South,Post-Graduate,Self-Employed,1571215.0,1252669.0,Other,784.0,8,60,29.19,2022-05-13,0
409,60.0,Female,East,Post-Graduate,Salaried,1997078.0,1075995.0,Business,845.0,11,29,77.72,2023-05-07,1
410,40.0,Male,East,Secondary,Salaried,708953.0,648319.0,Education,383.0,9,168,45.99,2021-10-03,0
411,38.0,,South,Post-Graduate,Unemployed,876958.0,276811.0,Other,437.0,1,122,82.82,2020-07-22,1
412,40.0,Other,South,Primary,Salaried,1657316.0,74479.0,Car,814.0,8,36,43.75,2020-05-30,1
413,50.0,,West,Graduate,,504457.0,490654.0,Home,826.0,11,25,19.48,2021-09-09,0
414,30.0,Female,North,Post-Graduate,Self-Employed,1169467.0,711679.0,Other,469.0,7,116,57.9,2024-02-23,0
415,43.0,Male,East,Post-Graduate,Unemployed,602800.0,1466062.0,Car,707.0,11,163,73.21,2019-09-08,1
416,23.0,Other,South,Secondary,Unemployed,1650150.0,266170.0,Other,426.0,5,141,69.28,2019-02-19,0
417,29.0,Female,North,Secondary,Salaried,1077118.0,1462971.0,Home,793.0,11,129,85.07,2020-09-27,0
418,39.0,Female,North,Primary,Unemployed,1203830.0,1359626.0,Business,313.0,6,47,18.26,2021-10-16,1
419,56.0,Female,North,Graduate,Self-Employed,528611.0,231482.0,Home,356.0,10,54,85.99,2020-09-09,0
420,60.0,Other,North,Post-Graduate,Salaried,477591.0,1338044.0,Other,449.0,6,21,27.43,2019-05-24,0
421,47.0,Male,East,Secondary,Self-Employed,,221278.0,Business,528.0,10,149,49.66,2020-09-19,1
422,,Other,North,Post-Graduate,Self-Employed,,1366545.0,Home,318.0,11,197,80.42,2024-01-26,1
423,48.0,Female,East,Post-Graduate,Unemployed,279379.0,1220325.0,Other,764.0,2,134,36.58,2022-03-08,1
424,63.0,Other,South,Primary,Salaried,,126954.0,Home,371.0,2,184,35.67,2016-05-11,0
425,28.0,Female,East,Graduate,Unemployed,536900.0,275361.0,Business,674.0,4,108,57.78,2016-12-09,0
426,62.0,,North,Graduate,Unemployed,,772738.0,Business,669.0,2,31,18.89,2017-10-15,0
427,,Female,South,Secondary,Salaried,323828.0,1230754.0,Other,664.0,9,165,89.35,2019-12-09,0
428,38.0,Other,East,Graduate,Self-Employed,569649.0,1461799.0,Business,622.0,3,46,43.02,2021-02-14,0
429,41.0,Other,East,Primary,Unemployed,935567.0,1027478.0,Business,477.0,12,62,21.12,2023-10-04,0
430,33.0,Male,South,Graduate,Unemployed,725744.0,1148623.0,Home,,12,165,79.79,2023-04-13,0
431,47.0,Other,East,Primary,Self-Employed,1804499.0,1354404.0,Business,582.0,3,86,14.18,2018-04-12,0
432,60.0,,West,Post-Graduate,Self-Employed,320087.0,1336190.0,Home,751.0,4,149,80.17,2021-10-06,1
433,36.0,Female,North,Secondary,Unemployed,869955.0,1258155.0,Education,746.0,8,78,32.25,2018-08-04,0
434,60.0,Male,South,Primary,Salaried,509896.0,1382150.0,Car,836.0,0,78,42.07,2016-10-18,0
435,29.0,Other,North,Secondary,Unemployed,1371766.0,675930.0,Education,660.0,12,172,32.55,2017-05-25,0
436,47.0,Male,West,Graduate,Unemployed,1560658.0,125618.0,Other,490.0,8,144,12.87,2017-09-17,0
437,37.0,Female,South,Primary,Self-Employed,1554402.0,448765.0,Other,607.0,7,193,86.22,2022-07-11,1
438,23.0,Male,North,Primary,Salaried,1282042.0,535778.0,Home,639.0,7,153,16.97,2022-09-10,1
439,24.0,Female,East,Secondary,Self-Employed,300955.0,912398.0,Business,381.0,7,88,11.41,2023-02-12,0
440,60.0,Male,West,Post-Graduate,Unemployed,1237079.0,219626.0,Education,819.0,4,177,70.27,2021-08-18,0
441,21.0,Female,South,Secondary,Self-Employed,258784.0,550810.0,Business,,2,82,68.26,2021-11-20,1
442,34.0,Female,West,Secondary,Self-Employed,1857747.0,670203.0,Business,850.0,1,33,37.38,2018-06-06,0
443,28.0,Male,East,Post-Graduate,Salaried,620186.0,167006.0,Car,311.0,0,177,10.04,2019-07-20,1
444,27.0,Male,East,Graduate,Self-Employed,1246804.0,185690.0,Other,397.0,5,145,11.45,2017-12-03,1
445,50.0,Female,South,Primary,Salaried,839832.0,521827.0,Other,714.0,3,91,23.69,2023-01-19,0
446,45.0,Female,South,Post-Graduate,Salaried,,1040796.0,Education,823.0,10,64,58.3,2023-10-26,0
447,59.0,Female,West,Secondary,Salaried,1254840.0,1290477.0,Car,340.0,0,111,30.16,2018-01-20,0
448,36.0,Female,South,Post-Graduate,Unemployed,726590.0,340127.0,Business,350.0,1,167,32.49,2020-06-19,0
449,31.0,Other,North,Graduate,Unemployed,1751400.0,398351.0,Business,648.0,9,5,87.04,2020-09-07,0
450,45.0,Male,West,Post-Graduate,Unemployed,1117897.0,121165.0,Home,695.0,11,62,81.97,2022-06-04,1
451,53.0,Female,North,Graduate,Salaried,,,Car,534.0,5,8,20.12,2020-01-16,0
452,41.0,Other,West,Graduate,Self-Employed,349747.0,964005.0,Home,351.0,3,24,58.68,2017-12-03,0
453,30.0,Female,South,Primary,Salaried,1755118.0,,Other,324.0,0,191,29.69,2020-05-01,0
454,29.0,Female,East,Graduate,Salaried,1638654.0,1316420.0,Other,344.0,7,172,11.75,2016-02-03,0
455,21.0,Other,East,Graduate,Self-Employed,417489.0,1364037.0,Car,352.0,4,31,23.34,2023-11-12,0
456,54.0,Female,West,Primary,Unemployed,685427.0,1278089.0,Car,316.0,5,46,18.05,2016-03-21,0
457,51.0,Other,North,Post-Graduate,Unemployed,1682130.0,192613.0,Other,317.0,2,180,74.26,2021-09-26,1
458,41.0,Other,East,Primary,Salaried,1705452.0,,Other,467.0,4,194,12.74,2020-10-04,0
459,44.0,Female,West,Secondary,Salaried,1911695.0,377464.0,Other,428.0,0,99,13.09,2023-09-26,0
460,39.0,Other,West,Secondary,Self-Employed,957097.0,824217.0,Other,527.0,0,105,58.35,2019-04-04,1
461,41.0,Other,East,Primary,Unemployed,708675.0,1118345.0,Education,834.0,12,95,84.2,2020-08-18,0
462,,Female,East,Primary,Unemployed,,277580.0,Other,563.0,6,184,10.62,2021-04-09,1
463,40.0,Female,North,Post-Graduate,Unemployed,1259971.0,709609.0,Other,519.0,5,172,68.34,2023-12-09,0
464,46.0,Female,South,Graduate,Self-Employed,967336.0,433460.0,Business,678.0,5,50,39.45,2016-02-28,1
465,27.0,Other,North,Secondary,Salaried,275123.0,755608.0,Education,525.0,8,150,44.81,2020-02-07,0
466,23.0,Male,West,Post-Graduate,Self-Employed,1398223.0,746468.0,Business,777.0,11,104,40.01,2019-08-01,0
467,60.0,Other,West,Post-Graduate,Unemployed,679568.0,79110.0,Education,478.0,0,114,59.75,2019-05-02,0
468,28.0,Other,South,Graduate,Unemployed,551278.0,722219.0,Home,579.0,6,164,20.02,2017-12-02,1
469,50.0,,North,Graduate,Self-Employed,1751003.0,424646.0,Education,833.0,9,161,19.25,2019-08-20,0
470,31.0,Other,North,Post-Graduate,,1068974.0,1190225.0,Car,674.0,9,74,36.91,2022-09-27,0
471,28.0,,North,Secondary,Unemployed,1977121.0,328648.0,Education,401.0,11,99,17.41,2019-04-16,0
472,57.0,Other,East,Post-Graduate,Unemployed,1190677.0,355645.0,Home,,1,55,79.85,2017-03-20,0
473,37.0,Other,West,Secondary,Self-Employed,1816345.0,1351574.0,Education,647.0,4,49,89.32,2024-03-14,0
474,28.0,Male,North,Graduate,Self-Employed,1095906.0,114657.0,Education,699.0,7,37,87.19,2016-10-15,0
475,64.0,Other,East,Primary,Salaried,389424.0,1170102.0,Car,838.0,2,33,52.27,2021-07-29,1
476,50.0,Other,East,Secondary,Unemployed,784983.0,196242.0,Education,670.0,11,146,73.74,2023-09-16,1
477,63.0,Female,North,Post-Graduate,,834157.0,1338310.0,Other,846.0,2,126,87.81,2022-11-03,0
478,63.0,Male,West,Post-Graduate,Self-Employed,641427.0,817894.0,Education,787.0,11,161,66.78,2016-10-14,0
479,36.0,Male,South,Secondary,Self-Employed,324075.0,726560.0,Other,772.0,11,56,83.85,2021-04-22,0
480,24.0,,South,Post-Graduate,Self-Employed,333311.0,774765.0,Business,347.0,5,24,23.02,2016-11-27,0
481,41.0,Male,North,Primary,Self-Employed,1626830.0,190527.0,Home,648.0,5,192,85.85,2024-01-02,1
482,54.0,Male,West,Primary,Salaried,,1245011.0,Other,499.0,1,147,22.87,2018-01-17,1
483,60.0,Male,South,Graduate,Salaried,779417.0,446242.0,Other,734.0,2,14,14.55,2023-07-19,1
484,55.0,Other,West,Primary,Unemployed,879989.0,647630.0,Home,381.0,7,19,88.51,2020-05-05,0
485,33.0,Male,South,Primary,Unemployed,904965.0,149090.0,Business,446.0,7,190,89.09,2017-09-21,1
486,63.0,Male,East,Graduate,Salaried,896789.0,222766.0,Business,365.0,1,163,18.6,2018-03-10,0
487,47.0,Male,West,Graduate,Self-Employed,,356898.0,Other,647.0,6,134,42.91,2023-05-07,0
488,28.0,Female,South,Post-Graduate,Unemployed,1106514.0,1429066.0,Car,325.0,2,74,60.88,2022-05-27,0
489,61.0,Female,North,Secondary,Self-Employed,1196556.0,720158.0,Home,724.0,11,39,78.1,2016-10-26,0
490,62.0,Other,West,Post-Graduate,Self-Employed,,873376.0,Business,464.0,3,31,39.74,2023-11-06,0
491,49.0,Female,West,Primary,Unemployed,826410.0,877372.0,Business,627.0,12,31,83.28,2017-02-02,1
492,36.0,Other,West,Secondary,Self-Employed,940374.0,1422559.0,Other,430.0,10,100,21.54,2019-01-02,0
493,63.0,Female,South,Primary,Unemployed,1428412.0,921021.0,Car,688.0,1,21,12.63,2016-05-24,0
494,25.0,Other,East,Primary,Unemployed,1356470.0,280904.0,Car,594.0,0,67,42.45,2018-06-08,0
495,57.0,Male,East,Primary,Self-Employed,,540084.0,Education,798.0,4,53,52.25,2018-12-18,1
496,60.0,Male,South,Primary,Unemployed,1637844.0,,Car,,3,183,83.63,2022-02-12,0
497,60.0,,East,Post-Graduate,Unemployed,865148.0,856801.0,Education,462.0,2,68,81.5,2017-05-28,0
498,62.0,Female,East,Primary,,,99424.0,Education,342.0,4,95,44.6,2023-02-04,0
499,30.0,Male,North,Primary,Unemployed,,1159117.0,Other,368.0,10,13,79.12,2016-02-10,0
500,35.0,Male,East,Graduate,Unemployed,1856977.0,1492847.0,Education,618.0,8,188,23.16,2021-09-26,1
501,41.0,Other,South,Post-Graduate,Unemployed,,1231492.0,Car,311.0,0,140,26.99,2022-02-25,1
502,54.0,,South,Post-Graduate,Salaried,814561.0,1335380.0,Other,,6,155,50.94,2017-08-05,0
503,42.0,Male,South,Post-Graduate,Unemployed,773340.0,918007.0,Car,302.0,10,52,13.89,2020-04-05,1
504,42.0,Female,North,Primary,Unemployed,1420332.0,1468180.0,Other,515.0,5,171,70.52,2024-01-14,1
505,29.0,,West,Post-Graduate,Salaried,1528248.0,687771.0,Car,635.0,7,175,52.82,2022-04-22,0
506,46.0,Female,East,Secondary,Unemployed,673942.0,889898.0,Business,536.0,1,177,21.5,2021-12-05,0
507,33.0,Male,South,Primary,Unemployed,1313527.0,735792.0,Car,820.0,9,192,50.87,2017-09-18,0
508,38.0,Other,North,Secondary,Self-Employed,943808.0,1120927.0,Business,511.0,2,145,49.79,2020-05-22,1
509,21.0,Female,East,Post-Graduate,Salaried,,1298201.0,Home,845.0,0,8,61.14,2016-05-20,0
510,43.0,Other,West,Primary,Self-Employed,,248967.0,Business,416.0,7,138,14.52,2020-12-01,1
511,53.0,Male,North,Post-Graduate,Self-Employed,954374.0,113495.0,Other,568.0,4,94,39.54,2018-10-12,0
512,51.0,Female,South,Primary,Unemployed,1524452.0,1005418.0,Home,517.0,3,143,74.58,2018-11-12,1
513,41.0,Other,South,Post-Graduate,Unemployed,1343140.0,736038.0,Business,826.0,7,96,12.03,2017-09-14,0
514,,Other,West,Secondary,Unemployed,1667050.0,321560.0,Other,,10,148,61.09,2017-12-21,1
515,,Male,East,Post-Graduate,Unemployed,645887.0,110180.0,Business,534.0,12,26,37.3,2016-04-07,1
516,47.0,Female,North,Graduate,Salaried,1071005.0,834215.0,Other,676.0,2,191,64.03,2017-07-08,0
517,57.0,,North,Graduate,Self-Employed,930722.0,1142433.0,Business,,11,187,33.4,2017-06-06,1
518,58.0,Other,East,Primary,Self-Employed,1990787.0,1234209.0,Education,665.0,11,37,82.32,2016-03-25,0
519,34.0,Other,South,Graduate,Unemployed,1165252.0,753927.0,Business,477.0,2,104,34.09,2016-07-01,0
520,57.0,Female,East,Graduate,Unemployed,,1181333.0,Car,752.0,7,98,77.68,2023-11-12,0
521,27.0,,East,Graduate,Self-Employed,1534400.0,1110179.0,Business,417.0,0,64,23.86,2020-09-23,0
522,32.0,Male,East,Primary,Unemployed,1291529.0,1366138.0,Business,840.0,8,16,88.44,2023-12-26,1
523,48.0,Male,South,Primary,Unemployed,850021.0,922806.0,Business,539.0,9,13,39.0,2017-10-03,0
524,23.0,Female,South,Post-Graduate,Salaried,593527.0,185175.0,Business,741.0,5,56,50.31,2017-08-16,0
525,42.0,,North,Primary,Self-Employed,1705887.0,154425.0,Business,386.0,10,177,77.01,2022-02-14,1
526,41.0,Male,East,Post-Graduate,Unemployed,998082.0,1204502.0,Home,770.0,1,9,16.08,2020-09-19,1
527,49.0,,East,Secondary,Self-Employed,712659.0,1249114.0,Car,762.0,5,18,22.03,2017-02-14,1
528,40.0,Female,South,Post-Graduate,Salaried,965699.0,1047620.0,Other,535.0,12,143,37.05,2021-09-25,1
529,23.0,Male,South,Post-Graduate,Self-Employed,537741.0,667497.0,Home,423.0,8,54,41.13,2021-04-19,1
530,47.0,Female,East,Secondary,Unemployed,536249.0,1169187.0,Education,359.0,7,59,74.92,2019-07-17,1
531,41.0,Other,West,Primary,Unemployed,1152809.0,695319.0,Education,687.0,3,118,27.98,2022-12-11,0
532,61.0,Female,South,Graduate,Unemployed,1678875.0,897420.0,Education,598.0,9,98,74.84,2022-03-22,1
533,53.0,Other,West,Secondary,Salaried,740320.0,574959.0,Home,493.0,0,60,68.82,2017-07-05,0
534,50.0,Other,East,Graduate,Salaried,1136377.0,1120011.0,Home,602.0,1,43,75.29,2023-04-23,0
535,59.0,Male,East,Graduate,Salaried,1798907.0,153318.0,Education,697.0,8,29,76.91,2016-11-20,0
536,61.0,Female,West,Primary,Unemployed,1097493.0,61468.0,Other,455.0,11,130,69.38,2017-02-20,1
537,29.0,Other,West,Post-Graduate,Unemployed,1567468.0,344852.0,Car,,3,160,24.5,2018-04-26,0
538,58.0,Female,East,Post-Graduate,Salaried,840131.0,1209084.0,Education,778.0,0,193,48.1,2016-09-23,1
539,43.0,Other,West,Primary,Unemployed,,54801.0,Other,476.0,9,5,72.65,2020-07-24,1
540,43.0,Female,East,Secondary,Salaried,210971.0,1333074.0,Education,604.0,1,85,28.29,2020-11-02,1
541,21.0,Female,West,Secondary,Salaried,,1473727.0,Business,690.0,3,158,74.93,2017-03-30,0
542,41.0,Other,East,Graduate,Salaried,206928.0,610828.0,Business,397.0,0,69,64.56,2016-03-26,1
543,52.0,Other,South,Post-Graduate,,1818289.0,1010873.0,Other,480.0,5,99,72.93,2024-02-10,1
544,46.0,Other,East,Post-Graduate,Salaried,1863990.0,873023.0,Education,697.0,4,97,18.41,2021-10-02,0
545,53.0,,East,Primary,,323130.0,1284702.0,Other,709.0,2,112,54.4,2024-01-26,0
546,29.0,Male,South,Primary,Unemployed,1842657.0,443770.0,Home,538.0,7,117,69.09,2020-07-25,0
547,37.0,Female,East,Primary,Self-Employed,203863.0,502084.0,Other,511.0,3,129,54.06,2019-10-06,0
548,26.0,Female,South,Post-Graduate,Unemployed,1824476.0,342622.0,Education,357.0,7,184,17.59,2017-12-10,0
549,27.0,Female,South,Post-Graduate,Self-Employed,1037076.0,474542.0,Business,686.0,11,29,85.74,2017-03-29,1
550,27.0,Other,West,Post-Graduate,Unemployed,1308414.0,493714.0,Car,745.0,7,159,60.68,2016-08-13,0
551,57.0,Male,East,Post-Graduate,,950160.0,1414610.0,Other,563.0,12,159,50.6,2023-11-29,0
552,25.0,Female,South,Primary,Salaried,836218.0,682334.0,Other,539.0,0,7,38.29,2023-02-22,0
553,53.0,Female,North,Post-Graduate,Unemployed,1275382.0,1398829.0,Business,627.0,0,138,29.95,2017-04-04,0
554,30.0,Female,East,Post-Graduate,Salaried,538752.0,1265005.0,Other,667.0,0,14,50.86,2024-01-02,0
555,,Male,East,Post-Graduate,Unemployed,1017473.0,339600.0,Business,333.0,0,166,14.53,2017-01-12,0
556,60.0,Female,North,Post-Graduate,Self-Employed,443894.0,171654.0,Education,688.0,9,106,85.27,2023-09-09,0
557,48.0,Male,South,Post-Graduate,Salaried,1373458.0,343561.0,Business,760.0,0,42,23.92,2016-08-15,0
558,42.0,Other,East,Graduate,Unemployed,,632708.0,Home,482.0,4,147,35.22,2018-01-30,0
559,41.0,Other,North,Secondary,Self-Employed,642195.0,1048023.0,Home,693.0,4,148,76.13,2024-02-09,1
560,52.0,Male,East,Secondary,Salaried,1900998.0,388984.0,Home,382.0,9,55,86.78,2023-10-17,0
561,52.0,Other,West,Secondary,Salaried,892973.0,1307608.0,Education,,3,40,51.35,2018-08-09,1
562,56.0,Male,East,Secondary,Unemployed,667506.0,347510.0,Education,,9,30,68.88,2020-09-06,1
563,51.0,Other,South,Graduate,Unemployed,,65028.0,Other,454.0,11,151,84.97,2016-11-12,1
564,26.0,Female,South,Graduate,Salaried,,844482.0,Business,670.0,8,15,14.48,2023-04-11,0
565,41.0,,East,Secondary,Unemployed,712191.0,393630.0,Business,525.0,2,39,10.19,2023-06-17,0
566,55.0,Male,North,Post-Graduate,Unemployed,1483607.0,177746.0,Home,373.0,8,159,73.82,2016-03-29,0
567,34.0,,North,Graduate,Salaried,1979428.0,483547.0,Business,649.0,11,50,48.94,2023-10-03,1
568,43.0,Female,North,Secondary,Salaried,961812.0,727327.0,Business,346.0,0,181,66.75,2019-06-22,0
569,62.0,Male,South,Secondary,Unemployed,370721.0,763731.0,Car,489.0,1,81,41.55,2019-03-29,1
570,44.0,Other,East,Primary,,466861.0,408119.0,Home,351.0,9,157,20.7,2016-05-30,0
571,50.0,Other,West,Primary,Self-Employed,836154.0,332020.0,Business,632.0,6,21,14.7,2018-02-12,1
572,30.0,Male,West,Graduate,Salaried,390199.0,,Other,346.0,2,122,82.31,2022-03-10,0
573,25.0,,West,Primary,Unemployed,662678.0,874164.0,Education,,6,180,76.41,2021-12-28,0
574,62.0,Other,South,Primary,Salaried,1150547.0,1126090.0,Business,466.0,8,27,74.82,2023-07-27,0
575,50.0,Male,West,Graduate,Self-Employed,1804487.0,528598.0,Education,487.0,8,121,28.5,2016-12-02,1
576,,Female,West,Graduate,Salaried,1433958.0,1167559.0,Home,,5,72,87.6,2022-08-03,1
577,26.0,Female,North,Secondary,Unemployed,821627.0,1414649.0,Other,712.0,9,53,80.59,2018-10-27,0
578,28.0,Female,North,Secondary,Self-Employed,1343822.0,709980.0,Business,,6,137,50.16,2020-10-01,0
579,46.0,Female,West,Graduate,Unemployed,1388974.0,961858.0,Car,684.0,3,108,86.86,2018-05-06,0
580,38.0,Male,North,Graduate,Unemployed,1017095.0,1008725.0,Car,324.0,11,65,68.11,2018-03-08,0
581,56.0,Female,East,Secondary,Unemployed,608435.0,687883.0,Home,502.0,4,22,11.56,2018-09-15,0
582,46.0,Male,East,Graduate,Unemployed,,1074095.0,Car,447.0,4,32,87.6,2016-10-21,0
583,56.0,,North,Post-Graduate,Self-Employed,1321246.0,63849.0,Education,499.0,3,137,54.71,2019-08-19,0
584,61.0,Female,North,Post-Graduate,Self-Employed,1835630.0,585888.0,Car,,6,182,15.71,2021-10-20,0
585,24.0,Male,East,Graduate,Unemployed,1547353.0,1494345.0,Other,685.0,0,14,39.1,2019-11-07,0
586,33.0,Other,South,Primary,Salaried,413582.0,419841.0,Education,441.0,4,169,42.73,2020-08-28,0
587,44.0,Other,West,Graduate,Salaried,1820544.0,1487001.0,Education,524.0,12,99,77.4,2019-10-26,0
588,51.0,Other,North,Post-Graduate,Salaried,1220685.0,786682.0,Other,417.0,8,87,12.24,2016-04-27,0
589,42.0,Female,South,Post-Graduate,Unemployed,1335477.0,1379885.0,Other,530.0,4,142,61.85,2017-02-23,0
590,60.0,Male,West,Secondary,Self-Employed,1277614.0,380762.0,Other,389.0,4,49,81.82,2020-08-03,0
591,38.0,Female,North,Graduate,Self-Employed,1178655.0,278565.0,Other,603.0,1,193,62.54,2023-04-08,1
592,54.0,Male,North,Secondary,Salaried,1736920.0,193844.0,Other,821.0,2,106,40.87,2018-11-24,1
593,43.0,,South,Primary,Self-Employed,1890289.0,405334.0,Other,828.0,11,77,47.2,2016-08-11,0
594,59.0,,West,Primary,Self-Employed,1457317.0,1459089.0,Business,306.0,0,174,84.28,2023-06-12,1
595,57.0,,North,Post-Graduate,Salaried,,1118952.0,Business,584.0,6,130,15.89,2024-01-11,0
596,21.0,Female,West,Graduate,Self-Employed,1892453.0,1352246.0,Education,452.0,10,124,45.98,2021-08-10,1
597,,,West,Post-Graduate,Self-Employed,1218987.0,739514.0,Home,566.0,10,104,57.51,2019-11-05,0
598,40.0,Other,West,Secondary,Unemployed,759849.0,569892.0,Car,814.0,9,174,19.46,2022-04-23,0
599,45.0,Male,South,Graduate,Unemployed,1612950.0,540640.0,Education,796.0,11,96,58.2,2021-04-30,1
600,26.0,Other,West,Secondary,Self-Employed,963402.0,1028556.0,Business,838.0,8,167,17.47,2022-11-07,0
601,50.0,Other,East,Graduate,Salaried,551196.0,1259138.0,Other,339.0,10,103,88.14,2023-07-19,1
602,40.0,Other,North,Primary,Self-Employed,1553287.0,61898.0,Other,793.0,9,90,32.55,2019-11-21,0
603,29.0,Other,West,Graduate,Self-Employed,550166.0,1499367.0,Home,,9,31,49.56,2018-06-10,0
604,38.0,Female,North,Secondary,Salaried,945931.0,77542.0,Home,333.0,2,55,89.15,2016-01-08,0
605,60.0,Other,East,Graduate,Unemployed,718533.0,967602.0,Car,418.0,9,153,31.91,2016-04-26,0
606,23.0,Other,East,Post-Graduate,Self-Employed,1254854.0,1134949.0,Other,577.0,10,54,48.6,2016-02-04,1
607,56.0,Female,East,Secondary,,1493535.0,405827.0,Business,393.0,7,100,64.13,2024-02-28,0
608,26.0,Other,East,Graduate,Unemployed,452795.0,736280.0,Car,548.0,10,189,83.22,2021-02-04,0
609,,Other,North,Graduate,Unemployed,1153358.0,691742.0,Business,724.0,6,56,44.61,2018-05-13,0
610,58.0,Other,West,Secondary,Salaried,1741735.0,1008439.0,Car,,0,82,34.18,2023-10-29,1
611,21.0,Female,South,Primary,Self-Employed,1378146.0,690021.0,Other,380.0,0,97,43.55,2020-02-08,0
612,39.0,Male,West,Primary,Salaried,1745956.0,1439705.0,Business,,7,108,42.54,2017-01-04,0
613,58.0,Male,West,Primary,,,1248698.0,Education,819.0,3,85,54.91,2019-06-01,1
614,48.0,Female,North,Graduate,Salaried,398649.0,420223.0,Car,,11,72,22.82,2020-03-23,1
615,29.0,Male,West,Secondary,Unemployed,742091.0,170637.0,Education,497.0,11,104,14.76,2016-10-25,0
616,30.0,Male,East,Graduate,Unemployed,761124.0,455617.0,Car,,1,131,10.11,2020-01-26,1
617,44.0,,North,Secondary,,982861.0,1126361.0,Car,525.0,12,31,32.01,2019-04-09,1
618,,Female,South,Primary,Unemployed,1978096.0,956146.0,Business,357.0,12,55,35.49,2021-10-28,1
619,,Male,North,Graduate,Salaried,1438853.0,124260.0,Business,581.0,8,32,87.46,2020-07-17,0
620,,Male,North,Graduate,Self-Employed,1604881.0,1377882.0,Home,378.0,10,112,27.4,2023-01-21,0
621,33.0,Other,South,Primary,Salaried,692051.0,254156.0,Car,688.0,7,92,53.58,2023-12-03,0
622,42.0,Male,North,Secondary,Self-Employed,1807196.0,348099.0,Education,464.0,4,63,79.49,2016-04-07,1
623,54.0,Other,East,Graduate,Salaried,,1031250.0,Home,844.0,6,30,69.11,2020-03-11,1
624,45.0,Male,West,Primary,Salaried,,550438.0,Car,,10,38,14.73,2016-06-06,0
625,43.0,Other,North,Secondary,Unemployed,1066657.0,508481.0,Education,508.0,5,194,39.81,2021-06-04,1
626,61.0,Male,South,Post-Graduate,Unemployed,1368267.0,915644.0,Home,332.0,10,45,63.21,2019-09-21,1
627,41.0,,West,Graduate,Self-Employed,970433.0,1478529.0,Other,741.0,9,84,10.5,2023-08-04,0
628,23.0,Female,East,Primary,Salaried,,1358774.0,Business,795.0,9,178,86.26,2022-04-07,0
629,28.0,Male,West,Post-Graduate,Unemployed,1109522.0,160590.0,Other,772.0,10,77,28.51,2017-12-26,0
630,59.0,Male,East,Graduate,Salaried,1051657.0,1113254.0,Car,392.0,7,168,48.96,2021-08-24,1
631,59.0,Other,East,Secondary,Salaried,,181957.0,Education,344.0,11,186,15.7,2021-10-13,0
632,42.0,,East,Primary,Salaried,692698.0,364666.0,Education,515.0,2,74,22.06,2019-03-11,1
633,31.0,Other,North,Post-Graduate,Self-Employed,1146351.0,1442632.0,Other,342.0,3,99,37.54,2021-06-26,0
634,43.0,Male,East,Post-Graduate,,,213971.0,Business,410.0,7,47,18.93,2019-07-04,0
635,36.0,Male,West,Graduate,Unemployed,261094.0,65470.0,Education,464.0,0,46,29.3,2018-04-05,0
636,48.0,Female,North,Post-Graduate,Self-Employed,392592.0,869912.0,Education,449.0,9,45,49.3,2022-05-16,0
637,55.0,Male,South,Primary,Salaried,1118967.0,1151517.0,Business,612.0,10,72,55.65,2018-10-16,0
638,62.0,Female,North,Primary,Unemployed,1382360.0,1151133.0,Home,587.0,3,186,76.67,2022-07-14,1
639,49.0,Female,East,Primary,Salaried,,1407101.0,Other,315.0,0,126,30.13,2020-03-02,0
640,58.0,Female,South,Post-Graduate,Self-Employed,1143806.0,862266.0,Business,318.0,4,148,72.75,2017-06-14,0
641,26.0,Other,East,Secondary,Self-Employed,1518743.0,664810.0,Education,352.0,3,127,88.55,2019-02-02,0
642,34.0,Female,South,Primary,Unemployed,1150297.0,1448838.0,Other,846.0,11,106,84.43,2017-07-09,0
643,49.0,Other,North,Secondary,Salaried,431979.0,1498658.0,Other,340.0,12,150,20.52,2023-02-14,0
644,48.0,Male,West,Primary,Self-Employed,1796454.0,1049546.0,Home,537.0,6,54,44.57,2021-02-08,1
645,30.0,Other,North,Primary,Salaried,231512.0,233006.0,Other,818.0,8,136,62.47,2023-11-20,0
646,24.0,Female,West,Graduate,Unemployed,1880518.0,1337425.0,Business,448.0,9,133,15.7,2017-06-22,0
647,44.0,Female,East,Secondary,Unemployed,,937749.0,Home,305.0,5,195,41.98,2024-01-06,0
648,22.0,,East,Secondary,Self-Employed,783283.0,561590.0,Other,639.0,7,136,82.59,2020-04-06,0
649,49.0,Female,North,Secondary,Salaried,379163.0,768412.0,Education,406.0,2,173,78.43,2016-05-31,1
650,45.0,Other,East,Primary,Salaried,480101.0,825924.0,Business,744.0,2,17,13.82,2017-05-24,0
651,,Female,West,Post-Graduate,Self-Employed,1187176.0,1417818.0,Other,,2,195,71.74,2019-05-24,0
652,35.0,Other,East,Post-Graduate,Salaried,1788499.0,1371298.0,Car,424.0,2,187,71.82,2021-12-09,1
653,58.0,Other,West,Post-Graduate,Salaried,1169125.0,1341392.0,Education,374.0,1,159,15.64,2020-11-30,1
654,53.0,Other,South,Secondary,Self-Employed,,161814.0,Other,385.0,9,160,62.37,2018-10-23,0
655,28.0,Male,East,Graduate,Salaried,931842.0,727164.0,Car,399.0,6,182,70.68,2019-12-30,1
656,60.0,Other,West,Secondary,Self-Employed,1391566.0,820168.0,Business,613.0,7,145,26.22,2018-03-12,0
657,36.0,Other,North,Graduate,Unemployed,826766.0,287982.0,Other,837.0,9,137,68.77,2018-06-15,1
658,58.0,Male,East,Secondary,Unemployed,1493642.0,1194599.0,Car,711.0,5,173,79.19,2019-06-08,1
659,64.0,Male,West,Graduate,Salaried,381346.0,57959.0,Business,836.0,11,158,53.03,2022-05-12,0
660,61.0,Other,South,Primary,Salaried,615829.0,139061.0,Car,538.0,12,143,24.13,2018-02-10,1
661,54.0,,South,Post-Graduate,Unemployed,621265.0,798832.0,Business,747.0,11,159,84.95,2017-06-30,0
662,26.0,Female,East,Post-Graduate,Salaried,1511148.0,1117406.0,Home,746.0,9,195,46.37,2017-06-09,1
663,59.0,,West,Primary,Self-Employed,1264934.0,1085724.0,Business,384.0,9,47,70.48,2017-08-22,0
664,60.0,Male,South,Secondary,Unemployed,,1443705.0,Home,410.0,4,178,74.75,2016-10-24,0
665,43.0,Male,North,Post-Graduate,Salaried,1708476.0,288273.0,Car,384.0,7,36,63.65,2022-02-06,0
666,41.0,Other,North,Primary,Salaried,1171026.0,297725.0,Business,544.0,8,46,22.14,2017-06-10,1
667,55.0,Other,West,Post-Graduate,Unemployed,1841517.0,535583.0,Business,398.0,5,74,83.88,2016-04-20,0
668,49.0,Male,North,Graduate,Salaried,1556839.0,348868.0,Other,669.0,0,78,77.56,2016-08-20,0
669,55.0,Male,South,Secondary,Salaried,1375413.0,1137312.0,Education,524.0,10,46,56.96,2020-10-10,1
670,22.0,,West,Primary,Unemployed,566638.0,521303.0,Education,655.0,3,181,54.38,2019-02-01,0
671,53.0,Other,South,Secondary,Unemployed,,1366864.0,Business,343.0,2,48,36.48,2022-07-07,0
672,46.0,Male,East,Graduate,Self-Employed,,868529.0,Education,773.0,11,125,83.64,2024-01-23,1
673,64.0,Female,East,Secondary,Self-Employed,208408.0,1331792.0,Home,418.0,7,18,53.03,2017-09-20,1
674,52.0,Male,East,Post-Graduate,Salaried,1175496.0,829377.0,Home,596.0,2,57,53.53,2017-06-10,0
675,38.0,Other,West,Secondary,Salaried,,1335715.0,Education,753.0,6,137,59.9,2017-10-20,0
676,54.0,Female,West,Primary,Salaried,1911502.0,653991.0,Education,743.0,5,107,41.34,2022-02-26,0
677,,Female,West,Graduate,Salaried,996498.0,1490894.0,Other,,8,90,36.09,2021-12-30,0
678,64.0,Male,East,Graduate,Salaried,469032.0,58814.0,Home,529.0,3,174,71.97,2020-12-13,1
679,43.0,Other,East,Primary,Salaried,,329671.0,Home,428.0,5,15,70.59,2018-07-12,0
680,40.0,Female,East,Graduate,Salaried,383895.0,1163681.0,Home,,1,178,57.1,2020-04-20,0
681,43.0,Male,West,Post-Graduate,Unemployed,737706.0,775550.0,Home,671.0,0,36,63.48,2019-11-08,0
682,,Other,South,Post-Graduate,Self-Employed,1801503.0,92485.0,Car,488.0,9,165,58.2,2023-01-09,0
683,,Other,West,Secondary,Salaried,1222159.0,205902.0,Education,511.0,7,113,46.63,2018-03-02,0
684,34.0,Other,West,Post-Graduate,Unemployed,1976950.0,253628.0,Education,819.0,8,70,75.6,2020-07-30,0
685,43.0,Male,West,Primary,Salaried,396554.0,1403822.0,Business,492.0,0,187,21.69,2020-05-07,1
686,34.0,Other,South,Secondary,Self-Employed,747007.0,856077.0,Other,551.0,0,82,73.24,2018-12-25,0
687,22.0,Female,West,Post-Graduate,Salaried,361750.0,1402474.0,Car,,9,86,29.22,2017-04-04,0
688,24.0,Male,West,Primary,Unemployed,1513575.0,191853.0,Car,352.0,2,152,17.73,2019-05-09,0
689,44.0,,East,Post-Graduate,Unemployed,1569386.0,398683.0,Car,504.0,7,155,85.22,2020-09-06,0
690,56.0,Male,East,Primary,Salaried,1551251.0,1345540.0,Car,458.0,7,131,58.85,2018-10-03,1
691,29.0,Male,North,Secondary,,319929.0,574155.0,Other,325.0,12,119,59.4,2021-12-20,0
692,36.0,Other,East,Primary,,317478.0,465151.0,Home,371.0,8,57,83.17,2020-08-03,1
693,52.0,Male,North,Primary,Unemployed,347813.0,281019.0,Car,471.0,5,63,27.51,2019-11-04,0
694,,Female,South,Post-Graduate,Salaried,1269073.0,630537.0,Car,718.0,4,114,50.81,2021-05-28,0
695,47.0,Female,East,Secondary,Salaried,1009127.0,1080789.0,Home,843.0,12,171,89.95,2018-02-06,1
696,35.0,Female,West,Primary,Self-Employed,1614867.0,953893.0,Other,705.0,0,62,40.32,2023-03-23,0
697,24.0,Female,West,Post-Graduate,Unemployed,690637.0,1086348.0,Car,583.0,1,56,82.54,2017-05-09,1
698,56.0,Female,East,Post-Graduate,Unemployed,1604180.0,811152.0,Other,555.0,11,93,65.27,2019-01-09,1
699,45.0,Male,East,Post-Graduate,,1047124.0,290661.0,Business,312.0,11,49,61.55,2022-02-18,1
700,35.0,Other,West,Post-Graduate,Self-Employed,444618.0,386496.0,Home,354.0,3,103,21.27,2020-07-01,0
701,32.0,Female,East,Post-Graduate,Salaried,1834860.0,265483.0,Home,,11,58,71.63,2021-09-14,0
702,27.0,Other,East,Secondary,Unemployed,1442733.0,416538.0,Other,367.0,5,37,16.3,2023-11-15,1
703,56.0,Female,East,Post-Graduate,Self-Employed,712419.0,981770.0,Education,,2,117,23.81,2019-06-01,0
704,44.0,Female,North,Graduate,Self-Employed,,1138500.0,Education,782.0,12,174,74.61,2018-01-06,0
705,26.0,Female,South,Post-Graduate,Unemployed,1463617.0,,Business,496.0,12,116,49.36,2022-08-21,0
706,61.0,Other,East,Graduate,Salaried,975250.0,141656.0,Other,,12,108,50.95,2023-12-12,0
707,51.0,Male,East,Secondary,Salaried,1603297.0,197667.0,Other,628.0,9,75,53.46,2021-03-12,0
708,41.0,Female,South,Primary,Salaried,739701.0,834240.0,Home,658.0,8,131,24.91,2017-06-28,0
709,31.0,Male,South,Post-Graduate,Salaried,238472.0,1484545.0,Education,305.0,11,130,28.9,2020-01-23,0
710,36.0,,West,Post-Graduate,Self-Employed,558910.0,,Home,719.0,8,73,81.87,2019-10-06,0
711,34.0,Male,South,Post-Graduate,Salaried,495806.0,251801.0,Other,,4,105,52.06,2020-01-07,0
712,45.0,Male,West,Secondary,Self-Employed,288184.0,1297344.0,Education,778.0,3,163,53.22,2021-04-14,0
713,34.0,Female,South,Graduate,Self-Employed,1464848.0,448376.0,Business,326.0,5,173,23.74,2021-05-23,0
714,58.0,Male,East,Post-Graduate,Self-Employed,789932.0,811687.0,Business,513.0,3,132,73.67,2016-10-31,0
715,38.0,Other,South,Secondary,Self-Employed,462545.0,1201348.0,Other,389.0,12,72,69.16,2016-09-05,0
716,,Male,South,Secondary,Self-Employed,918628.0,210416.0,Business,311.0,10,173,26.0,2020-09-10,0
717,44.0,Other,East,Graduate,Self-Employed,,93479.0,Other,788.0,0,172,51.72,2017-09-18,1
718,28.0,Male,East,Post-Graduate,Self-Employed,667428.0,281251.0,Education,537.0,6,109,81.3,2018-10-25,0
719,45.0,Other,West,Secondary,Self-Employed,1501594.0,490828.0,Car,475.0,11,95,17.62,2023-07-13,0
720,54.0,Female,North,Post-Graduate,Salaried,766326.0,499131.0,Education,695.0,6,79,59.17,2020-04-19,1
721,64.0,Other,South,Secondary,Salaried,,722903.0,Business,712.0,4,157,59.61,2023-06-30,0
722,48.0,Other,North,Secondary,Unemployed,781973.0,734077.0,Business,843.0,11,198,15.54,2019-09-26,0
723,44.0,Male,North,Secondary,Salaried,350674.0,903816.0,Other,588.0,5,91,66.2,2022-08-08,0
724,38.0,,West,Secondary,,1395335.0,1446726.0,Education,,3,197,16.19,2016-01-15,0
725,54.0,Female,South,Graduate,Unemployed,311561.0,947082.0,Business,675.0,10,174,30.56,2020-12-09,0
726,62.0,Other,North,Primary,Self-Employed,515759.0,1265755.0,Car,352.0,9,199,83.64,2021-11-06,0
727,,Male,East,Secondary,Self-Employed,1745020.0,753038.0,Home,519.0,11,49,67.28,2023-05-03,0
728,32.0,,South,Graduate,Self-Employed,504361.0,470469.0,Other,757.0,9,163,38.51,2023-12-15,0
729,56.0,Other,East,Post-Graduate,Self-Employed,1834585.0,1129982.0,Business,754.0,0,92,40.44,2016-09-28,0
730,25.0,Other,East,Secondary,Self-Employed,1070387.0,1128283.0,Other,623.0,2,62,10.77,2019-01-17,0
731,39.0,Female,East,Graduate,Self-Employed,1979193.0,1359330.0,Home,802.0,8,172,12.89,2018-02-16,0
732,32.0,Male,South,Secondary,Unemployed,1339241.0,,Home,305.0,7,87,80.65,2019-02-09,0
733,47.0,Other,South,Primary,Salaried,1401992.0,323183.0,Car,384.0,4,56,18.89,2020-12-06,1
734,37.0,,South,Secondary,Self-Employed,1726980.0,258924.0,Car,790.0,9,197,71.61,2016-01-31,0
735,63.0,Other,East,Primary,Self-Employed,798854.0,1221404.0,Business,506.0,6,31,17.32,2019-01-31,0
736,48.0,Other,North,Post-Graduate,,1716157.0,1478951.0,Education,829.0,9,105,55.55,2022-05-30,1
737,60.0,Female,North,Secondary,Salaried,922020.0,856494.0,Home,360.0,9,127,25.81,2019-09-07,1
738,42.0,Other,West,Primary,Self-Employed,,779436.0,Business,,9,160,86.12,2021-08-08,0
739,30.0,Male,West,Graduate,Self-Employed,1792470.0,1333846.0,Home,799.0,9,168,87.98,2018-11-30,1
740,61.0,Female,North,Graduate,Unemployed,,1282957.0,Other,466.0,8,82,38.67,2016-11-07,0
741,26.0,Female,East,Secondary,Unemployed,1534576.0,1050261.0,Business,564.0,6,104,75.72,2018-09-23,0
742,37.0,,South,Primary,Self-Employed,,492440.0,Other,,12,30,32.86,2018-08-28,1
743,32.0,Female,East,Secondary,Salaried,689843.0,921983.0,Business,507.0,8,169,69.94,2019-06-29,1
744,26.0,Other,South,Secondary,,,746368.0,Education,648.0,3,18,24.13,2020-08-28,0
745,63.0,Female,East,Secondary,,,700510.0,Home,810.0,0,116,61.16,2017-05-08,1
746,42.0,Female,East,Graduate,Self-Employed,1946527.0,473662.0,Other,413.0,4,59,86.48,2018-11-06,0
747,36.0,Other,West,Secondary,Self-Employed,,1093882.0,Business,714.0,0,38,24.63,2024-02-11,1
748,24.0,Other,North,Graduate,Salaried,,846421.0,Education,793.0,7,62,23.14,2023-09-10,1
749,45.0,,South,Post-Graduate,Unemployed,,815774.0,Education,488.0,11,8,45.69,2021-10-05,0
750,53.0,Other,North,Secondary,Unemployed,1338670.0,567985.0,Other,817.0,7,104,86.7,2022-04-29,0
751,21.0,Male,East,Graduate,Unemployed,,1232330.0,Car,301.0,8,73,45.6,2022-02-17,0
752,35.0,Other,East,Secondary,Self-Employed,,228158.0,Car,546.0,12,161,26.77,2021-06-21,0
753,37.0,,West,Secondary,Salaried,,488689.0,Other,467.0,5,117,12.27,2020-03-24,0
754,,Male,West,Graduate,Self-Employed,876042.0,1335061.0,Education,457.0,12,18,39.07,2022-08-26,0
755,39.0,Other,East,Graduate,Salaried,,1393603.0,Other,709.0,6,143,68.9,2019-08-01,0
756,39.0,Male,South,Primary,Self-Employed,276987.0,1041696.0,Home,,9,57,32.99,2022-04-28,0
757,40.0,Other,South,Secondary,Unemployed,1386629.0,1053304.0,Other,387.0,4,148,46.0,2021-09-04,0
758,21.0,Female,North,Secondary,Self-Employed,1361371.0,391023.0,Education,720.0,12,77,24.84,2017-03-12,0
759,43.0,Male,West,Primary,Unemployed,929296.0,1051645.0,Car,387.0,2,198,66.44,2019-09-13,0
760,36.0,Other,North,Post-Graduate,Self-Employed,1569854.0,1085800.0,Car,776.0,12,123,45.21,2016-01-26,0
761,44.0,,North,Graduate,Salaried,1580436.0,340975.0,Car,574.0,8,136,17.45,2023-12-20,0
762,40.0,Female,East,Post-Graduate,Salaried,482110.0,670277.0,Home,422.0,2,27,36.5,2018-08-23,0
763,35.0,Male,North,Graduate,Self-Employed,1070569.0,1000671.0,Home,556.0,6,133,67.85,2017-12-30,0
764,44.0,Female,East,Primary,,1215280.0,1071661.0,Business,304.0,0,189,63.56,2023-02-20,0
765,57.0,Other,West,Secondary,Unemployed,1166129.0,,Business,736.0,5,192,71.08,2020-10-03,0
766,61.0,,North,Primary,Salaried,960261.0,610162.0,Other,408.0,11,72,82.63,2019-08-10,1
767,53.0,Male,North,Graduate,Self-Employed,1017940.0,819172.0,Car,548.0,8,137,51.6,2021-07-19,1
768,52.0,Other,East,Post-Graduate,Salaried,,276620.0,Other,722.0,6,95,21.02,2017-11-26,0
769,51.0,Other,West,Post-Graduate,Salaried,1643145.0,804296.0,Car,,11,15,49.09,2022-08-24,0
770,,Other,West,Graduate,,,679919.0,Car,581.0,3,136,10.33,2016-10-24,1
771,21.0,Female,North,Graduate,Self-Employed,669955.0,1328880.0,Car,698.0,9,137,53.05,2023-07-24,0
772,32.0,,East,Primary,Unemployed,225680.0,1253120.0,Education,346.0,8,71,83.93,2021-10-25,0
773,55.0,Female,North,Secondary,Self-Employed,1750078.0,134278.0,Home,679.0,5,37,88.67,2017-05-09,0
774,57.0,Female,North,Graduate,Unemployed,788307.0,577469.0,Home,710.0,5,165,87.92,2018-01-30,0
775,50.0,Female,East,Secondary,Salaried,1371662.0,1415526.0,Business,645.0,5,127,27.46,2023-05-23,0
776,46.0,Other,West,Graduate,Unemployed,218201.0,418041.0,Education,586.0,1,198,64.66,2018-08-30,1
777,31.0,Male,East,Post-Graduate,Salaried,355254.0,1266906.0,Other,365.0,10,159,33.65,2017-08-08,1
778,52.0,Other,South,Graduate,Self-Employed,1779174.0,1092917.0,Education,664.0,11,16,33.65,2018-01-07,0
779,22.0,Other,South,Post-Graduate,Salaried,1708422.0,266449.0,Other,603.0,1,124,41.96,2018-03-22,0
780,30.0,Other,South,Post-Graduate,Salaried,1531768.0,1112729.0,Education,548.0,0,25,62.46,2023-01-24,0
781,42.0,Other,East,Graduate,Unemployed,,1238976.0,Other,,1,19,21.1,2020-01-09,0
782,29.0,Female,North,Post-Graduate,Unemployed,1348687.0,445292.0,Car,608.0,12,52,56.66,2022-12-24,0
783,50.0,Male,West,Post-Graduate,Unemployed,1410601.0,1388358.0,Education,602.0,0,155,77.92,2020-12-17,0
784,45.0,Other,East,Graduate,Unemployed,678486.0,871116.0,Car,616.0,6,100,60.83,2021-08-20,0
785,41.0,Other,West,Secondary,Salaried,208066.0,1419024.0,Car,573.0,0,155,50.77,2021-04-17,0
786,38.0,Female,East,Primary,Unemployed,1418806.0,1261559.0,Car,787.0,9,25,34.13,2016-08-18,0
787,40.0,Female,South,Graduate,Salaried,1870660.0,452936.0,Home,633.0,0,63,24.1,2016-10-10,0
788,60.0,Female,West,Post-Graduate,Self-Employed,,1476925.0,Car,605.0,8,176,22.45,2018-08-03,0
789,36.0,,North,Secondary,Unemployed,1154265.0,1492428.0,Business,743.0,8,48,43.37,2018-02-15,1
790,59.0,Female,West,Graduate,Self-Employed,1008717.0,1467124.0,Business,369.0,12,186,65.57,2017-01-08,1
791,55.0,,North,Primary,Salaried,1341033.0,699732.0,Home,517.0,2,139,44.65,2021-08-18,0
792,49.0,Other,North,Post-Graduate,,1703345.0,574920.0,Education,625.0,2,73,62.64,2023-06-26,0
793,50.0,Female,North,Graduate,Salaried,216378.0,1074240.0,Business,,8,108,88.17,2018-05-09,0
794,23.0,Other,South,Graduate,,1696480.0,,Home,817.0,7,165,85.8,2018-06-06,0
795,52.0,,West,Primary,Self-Employed,688857.0,971077.0,Business,785.0,5,150,35.52,2020-03-04,1
796,34.0,Other,North,Post-Graduate,Self-Employed,,399855.0,Car,606.0,12,150,44.89,2019-10-01,0
797,46.0,Other,East,Graduate,Unemployed,839123.0,487034.0,Home,674.0,6,90,19.72,2022-04-27,0
798,25.0,Female,West,Post-Graduate,Unemployed,491730.0,1091925.0,Education,649.0,12,142,39.13,2018-02-04,0
799,48.0,,West,Secondary,Unemployed,620646.0,699648.0,Home,309.0,1,192,73.61,2019-03-11,0
800,,Female,East,Graduate,Self-Employed,607545.0,752486.0,Home,367.0,3,54,77.55,2018-11-10,0
801,53.0,,South,Primary,Unemployed,852612.0,1415512.0,Business,520.0,2,81,14.39,2021-01-08,0
802,56.0,Female,West,Primary,Self-Employed,1745182.0,1161424.0,Business,361.0,8,98,53.51,2016-12-31,0
803,33.0,Other,East,Graduate,Unemployed,1119032.0,1166694.0,Car,,10,186,66.02,2019-04-03,0
804,40.0,Female,South,Graduate,Self-Employed,,646729.0,Car,487.0,7,26,60.4,2022-12-28,0
805,38.0,Other,South,Graduate,Unemployed,736428.0,494341.0,Other,340.0,1,167,65.42,2020-10-03,0
806,40.0,Other,East,Graduate,Self-Employed,369572.0,1122282.0,Other,563.0,1,180,88.22,2023-07-06,0
807,63.0,Male,North,Primary,Salaried,1974827.0,1105707.0,Other,588.0,9,99,19.03,2020-09-29,0
808,53.0,Other,North,Primary,Unemployed,1208755.0,1313717.0,Car,730.0,9,50,67.58,2023-09-02,1
809,41.0,Other,East,Post-Graduate,,1072658.0,1022941.0,Car,767.0,7,118,77.07,2019-09-15,0
810,44.0,,East,Secondary,Salaried,570623.0,1250664.0,Car,316.0,6,36,74.41,2020-08-22,0
811,48.0,Other,North,Graduate,Salaried,799604.0,691584.0,Other,368.0,3,56,57.71,2016-06-13,1
812,25.0,Female,West,Primary,Self-Employed,428963.0,131302.0,Car,351.0,2,179,69.48,2022-01-20,1
813,50.0,,North,Graduate,Unemployed,1859756.0,130481.0,Car,628.0,10,47,22.25,2018-04-04,1
814,63.0,Female,North,Secondary,Self-Employed,1963500.0,394882.0,Education,842.0,2,63,60.09,2018-01-22,1
815,44.0,Other,East,Primary,Unemployed,1591095.0,1343318.0,Home,430.0,3,196,41.68,2023-10-22,0
816,59.0,Other,West,Primary,Self-Employed,337169.0,1446310.0,Other,634.0,0,196,67.29,2022-12-26,1
817,34.0,Female,North,Secondary,Salaried,1098654.0,634884.0,Other,317.0,10,37,76.38,2017-11-03,0
818,,Male,South,Secondary,Salaried,583183.0,1380875.0,Car,343.0,5,143,49.66,2018-05-27,1
819,56.0,Other,North,Secondary,Salaried,303120.0,941739.0,Business,733.0,2,27,12.73,2023-12-12,0
820,46.0,Other,East,Graduate,Unemployed,332504.0,410851.0,Business,768.0,2,69,39.4,2017-10-18,0
821,33.0,Male,North,Graduate,Self-Employed,1414576.0,879732.0,Business,523.0,2,164,52.21,2023-06-06,1
822,60.0,Male,West,Post-Graduate,Salaried,1298191.0,,Home,750.0,10,120,15.84,2022-02-09,0
823,41.0,Male,East,Secondary,Self-Employed,978665.0,582823.0,Education,349.0,7,129,17.59,2023-05-31,0
824,46.0,Other,East,Secondary,Self-Employed,,152581.0,Other,803.0,4,159,28.12,2018-09-30,0
825,54.0,Female,South,Primary,Salaried,1659488.0,1299072.0,Car,804.0,12,104,78.73,2020-01-12,1
826,60.0,Other,South,Secondary,,583909.0,,Business,,0,145,60.64,2023-05-27,0
827,34.0,Female,East,Secondary,Self-Employed,1188439.0,1191700.0,Business,645.0,12,108,68.71,2022-08-02,0
828,41.0,Male,South,Primary,Salaried,1541762.0,905255.0,Other,819.0,1,42,71.85,2022-09-15,0
829,63.0,Other,South,Secondary,Salaried,822167.0,591769.0,Car,,5,97,62.39,2020-01-17,0
830,39.0,Other,South,Primary,Unemployed,1742557.0,1247874.0,Business,373.0,6,65,58.16,2019-09-08,1
831,32.0,Other,West,Post-Graduate,Salaried,631559.0,226592.0,Other,,0,59,53.14,2022-05-14,0
832,56.0,Other,East,Post-Graduate,Unemployed,637969.0,163298.0,Car,569.0,5,184,70.59,2021-03-18,0
833,50.0,Male,South,Secondary,Unemployed,1848132.0,238138.0,Home,773.0,3,36,57.79,2020-06-02,1
834,64.0,Male,North,Post-Graduate,Salaried,,1126158.0,Business,427.0,0,132,49.71,2018-09-06,1
835,53.0,Male,West,Secondary,,521076.0,1075592.0,Car,741.0,8,94,70.48,2022-12-01,1
836,64.0,Other,North,Primary,,1633977.0,774620.0,Other,320.0,11,144,30.49,2019-10-21,0
837,43.0,Other,South,Post-Graduate,Unemployed,1010313.0,78424.0,Business,468.0,3,199,12.24,2020-06-29,0
838,61.0,Female,North,Graduate,Self-Employed,,1447892.0,Other,410.0,1,127,81.51,2020-07-28,0
839,33.0,Female,West,Secondary,,1113007.0,1315193.0,Other,,10,178,87.57,2021-10-22,0
840,48.0,,East,Graduate,Salaried,581317.0,57696.0,Business,574.0,3,192,64.76,2020-01-08,0
841,48.0,Other,East,Primary,Salaried,579180.0,1025593.0,Education,389.0,9,173,73.18,2017-10-30,0
842,,Other,South,Secondary,Unemployed,512739.0,363451.0,Business,449.0,9,195,13.32,2017-04-07,0
843,57.0,Female,East,Primary,Unemployed,1236558.0,1177827.0,Home,791.0,0,93,22.06,2022-07-26,0
844,51.0,,South,Primary,Unemployed,1865737.0,76341.0,Education,661.0,5,170,79.88,2017-02-02,0
845,62.0,Female,North,Graduate,,1353616.0,1175653.0,Business,735.0,5,190,43.93,2021-04-22,0
846,59.0,Male,West,Secondary,Salaried,425708.0,953209.0,Business,810.0,11,167,12.54,2020-07-23,0
847,37.0,,South,Secondary,Unemployed,778566.0,632990.0,Education,742.0,6,65,24.93,2016-11-03,1
848,48.0,Other,West,Graduate,,,971398.0,Business,334.0,4,24,55.49,2021-12-03,1
849,24.0,Other,South,Secondary,Unemployed,1062036.0,1114132.0,Home,841.0,2,170,51.47,2018-06-27,0
850,26.0,Female,East,Secondary,Self-Employed,1790856.0,657936.0,Car,,2,160,28.45,2023-04-26,0
851,39.0,Other,North,Graduate,Salaried,669321.0,912159.0,Home,,4,115,87.83,2018-12-12,1
852,,Other,West,Secondary,Unemployed,1333083.0,1450679.0,Education,633.0,11,61,70.05,2018-08-03,0
853,60.0,Other,East,Post-Graduate,Self-Employed,1000044.0,1340594.0,Car,844.0,8,111,66.79,2020-10-17,1
854,62.0,Female,East,Graduate,Salaried,216073.0,445533.0,Business,505.0,1,192,58.3,2020-12-04,1
855,26.0,Other,North,Graduate,Salaried,1903203.0,1000396.0,Business,498.0,0,185,71.74,2016-11-23,0
856,44.0,Male,East,Post-Graduate,Salaried,1222918.0,1233009.0,Car,526.0,12,14,19.67,2022-11-07,0
857,42.0,Female,East,Primary,Unemployed,1745243.0,,Business,668.0,5,85,82.65,2019-10-14,0
858,41.0,Female,North,Graduate,Salaried,1820517.0,65083.0,Car,503.0,10,73,74.32,2016-12-06,0
859,34.0,Other,North,Graduate,Self-Employed,419012.0,841183.0,Home,,2,133,85.39,2020-11-21,0
860,44.0,Female,West,Primary,Salaried,1504038.0,1016765.0,Home,739.0,10,40,18.05,2023-08-12,0
861,45.0,Other,South,Primary,Self-Employed,1383342.0,1099976.0,Other,651.0,4,100,10.34,2016-11-28,0
862,,Male,East,Post-Graduate,Self-Employed,,57754.0,Education,469.0,7,143,72.95,2019-09-27,0
863,55.0,Male,East,Graduate,Self-Employed,603050.0,437349.0,Other,388.0,6,171,88.85,2017-03-30,1
864,37.0,Other,West,Graduate,Salaried,209121.0,51561.0,Other,,6,101,69.0,2016-09-25,0
865,48.0,Other,East,Primary,Self-Employed,1994130.0,503997.0,Other,322.0,6,133,84.41,2016-05-24,1
866,22.0,Other,East,Primary,Self-Employed,768827.0,519639.0,Other,379.0,2,87,44.88,2021-02-05,0
867,54.0,Male,North,Primary,Unemployed,1569656.0,1355276.0,Home,505.0,6,123,27.4,2022-06-16,0
868,21.0,,East,Primary,Salaried,590123.0,628150.0,Car,424.0,10,185,82.33,2023-02-13,1
869,23.0,,East,Post-Graduate,Self-Employed,360666.0,1203703.0,Business,,11,92,10.3,2018-01-16,0
870,42.0,Female,South,Graduate,Unemployed,1450332.0,1315793.0,Education,381.0,2,130,56.48,2022-10-08,0
871,62.0,Other,North,Secondary,Self-Employed,940280.0,,Home,788.0,4,135,65.05,2022-07-19,0
872,24.0,Male,North,Secondary,Unemployed,886586.0,801256.0,Home,772.0,6,127,13.86,2018-04-15,0
873,35.0,,South,Secondary,,949273.0,928915.0,Car,833.0,11,123,83.0,2020-12-29,0
874,56.0,Female,East,Post-Graduate,Self-Employed,1978209.0,1494216.0,Education,692.0,11,166,83.25,2022-10-13,0
875,59.0,Male,East,Graduate,Self-Employed,1738201.0,310852.0,Business,372.0,3,196,86.57,2020-03-27,0
876,32.0,Other,South,Post-Graduate,Salaried,,1219563.0,Car,367.0,7,131,75.22,2019-01-08,1
877,57.0,Other,South,Post-Graduate,Salaried,1478141.0,1481576.0,Home,456.0,12,187,47.09,2022-08-24,0
878,61.0,Male,East,Graduate,Unemployed,631323.0,539120.0,Business,334.0,12,183,53.48,2019-10-06,1
879,27.0,Male,West,Primary,Unemployed,,,Education,439.0,3,155,71.34,2016-08-05,1
880,51.0,Male,East,Post-Graduate,Self-Employed,1012101.0,1493157.0,Home,836.0,0,155,50.97,2023-06-24,1
881,25.0,Female,East,Graduate,,1474895.0,877543.0,Home,802.0,6,84,58.52,2017-02-19,0
882,47.0,Other,West,Secondary,Self-Employed,1693961.0,1186708.0,Business,435.0,9,48,77.81,2019-11-28,0
883,45.0,Male,North,Post-Graduate,Self-Employed,205962.0,1090084.0,Other,829.0,9,20,19.05,2022-01-10,0
884,37.0,Other,West,Graduate,Unemployed,302045.0,1334847.0,Home,565.0,9,97,82.81,2019-02-10,1
885,,Female,West,Primary,Salaried,277915.0,110526.0,Other,365.0,1,165,29.83,2019-05-14,0
886,47.0,Female,West,Primary,Unemployed,225937.0,59006.0,Car,681.0,6,99,11.88,2021-01-09,0
887,46.0,,South,Post-Graduate,Unemployed,1914258.0,1324009.0,Education,672.0,6,170,11.94,2020-03-21,0
888,49.0,Female,East,Post-Graduate,Salaried,1840977.0,489786.0,Business,424.0,4,40,81.3,2023-09-27,1
889,47.0,Other,North,Graduate,Self-Employed,1907766.0,1015868.0,Other,641.0,7,133,67.69,2017-07-13,1
890,37.0,Other,North,Graduate,Self-Employed,,,Business,310.0,10,98,79.94,2022-03-01,0
891,58.0,Male,North,Primary,Salaried,898933.0,408836.0,Business,489.0,3,94,52.19,2023-10-13,1
892,36.0,Male,West,Graduate,Salaried,1284847.0,927801.0,Other,603.0,11,164,55.38,2017-07-05,0
893,29.0,Other,East,Post-Graduate,Unemployed,247137.0,825633.0,Home,367.0,9,173,21.4,2017-06-16,0
894,52.0,Male,South,Secondary,Salaried,1282772.0,1073987.0,Other,772.0,8,23,86.17,2021-07-19,0
895,21.0,Other,South,Secondary,Self-Employed,579366.0,142189.0,Education,651.0,8,138,40.43,2018-12-27,0
896,29.0,,East,Primary,Salaried,1944430.0,107506.0,Education,502.0,11,174,53.25,2023-05-18,0
897,27.0,Male,South,Post-Graduate,Salaried,206058.0,,Other,833.0,4,17,36.18,2017-01-28,1
898,64.0,Other,West,Post-Graduate,,1143654.0,349771.0,Home,,3,175,28.8,2021-07-27,0
899,57.0,Male,North,Graduate,Self-Employed,1093735.0,1343716.0,Education,829.0,11,170,51.76,2019-07-09,0
900,60.0,Male,East,Secondary,Salaried,1087146.0,88870.0,Car,840.0,2,171,51.14,2019-05-14,0
901,26.0,Other,East,Graduate,Self-Employed,,1476867.0,Other,694.0,5,197,88.43,2018-01-06,0
902,57.0,Other,North,Secondary,Self-Employed,206109.0,691618.0,Car,,2,37,53.71,2020-08-27,0
903,59.0,Other,South,Graduate,,1288503.0,,Education,716.0,5,126,73.57,2021-10-07,0
904,24.0,Male,East,Post-Graduate,Self-Employed,1331192.0,157406.0,Car,800.0,3,18,73.83,2021-03-27,0
905,57.0,Male,East,Post-Graduate,Unemployed,229578.0,95343.0,Business,701.0,7,108,61.82,2020-03-30,1
906,30.0,Other,North,Primary,Salaried,972811.0,520831.0,Car,695.0,3,6,31.92,2018-09-16,0
907,30.0,Other,North,Graduate,Unemployed,864824.0,270793.0,Education,503.0,11,157,79.19,2017-01-13,0
908,55.0,Female,South,Post-Graduate,Salaried,437167.0,902618.0,Car,675.0,7,92,56.12,2022-03-29,0
909,28.0,,South,Post-Graduate,Unemployed,392459.0,1204322.0,Other,482.0,1,50,82.71,2019-05-19,0
910,43.0,Female,West,Graduate,,477164.0,847235.0,Home,301.0,0,151,14.1,2020-05-29,1
911,27.0,Male,South,Primary,Salaried,,869957.0,Business,,12,30,15.21,2016-03-12,1
912,22.0,Male,South,Post-Graduate,Self-Employed,1330303.0,1225012.0,Car,354.0,9,192,72.09,2022-12-20,0
913,58.0,Male,North,Primary,Self-Employed,437013.0,728448.0,Other,733.0,12,58,19.76,2020-06-06,0
914,40.0,,West,Secondary,Salaried,775903.0,187655.0,Business,640.0,4,173,41.01,2023-02-15,0
915,51.0,Other,West,Primary,Salaried,839933.0,210389.0,Home,312.0,11,169,27.95,2020-09-28,0
916,50.0,Other,East,Secondary,Salaried,263165.0,323379.0,Home,365.0,0,183,49.29,2021-11-12,0
917,45.0,,North,Secondary,Self-Employed,1210153.0,1120052.0,Other,460.0,5,6,24.27,2018-11-30,1
918,30.0,Other,East,Secondary,Salaried,1509915.0,494543.0,Home,303.0,6,9,80.61,2019-03-02,0
919,37.0,Male,South,Primary,Salaried,1305689.0,1413714.0,Other,775.0,7,174,85.31,2018-06-03,0
920,29.0,Female,East,Secondary,Salaried,475868.0,177632.0,Home,322.0,2,170,56.35,2021-11-01,1
921,63.0,Female,South,Secondary,,1917223.0,1315393.0,Car,598.0,2,17,25.6,2021-05-24,1
922,52.0,Female,South,Primary,,,158809.0,Education,384.0,3,36,66.14,2020-08-08,1
923,44.0,Female,West,Primary,Salaried,1842843.0,965851.0,Education,823.0,12,105,70.02,2020-08-19,1
924,36.0,,West,Secondary,Self-Employed,708863.0,1491582.0,Education,811.0,5,117,38.22,2017-08-27,0
925,32.0,Female,North,Primary,Salaried,393021.0,630419.0,Education,482.0,12,19,38.94,2019-09-08,0
926,55.0,Female,North,Primary,Self-Employed,,579361.0,Car,302.0,4,198,44.46,2019-04-17,0
927,63.0,,East,Graduate,Salaried,,749281.0,Business,330.0,11,143,14.11,2023-10-18,0
928,37.0,Male,East,Primary,Unemployed,,944367.0,Other,312.0,11,22,41.74,2019-06-05,0
929,49.0,Female,South,Graduate,Self-Employed,,369829.0,Business,,12,100,31.49,2020-03-22,0
930,56.0,Male,South,Graduate,Unemployed,1757353.0,1133822.0,Business,333.0,7,191,31.46,2019-02-14,0
931,55.0,Male,West,Primary,Self-Employed,272482.0,1269992.0,Home,647.0,10,26,21.3,2022-10-11,1
932,24.0,Male,East,Graduate,Self-Employed,959775.0,181181.0,Business,570.0,4,27,45.78,2023-03-05,0
933,27.0,Female,North,Secondary,Unemployed,1015398.0,319069.0,Other,485.0,1,197,43.8,2018-06-02,0
934,39.0,Other,North,Post-Graduate,Salaried,236504.0,714818.0,Car,520.0,0,32,23.74,2023-07-05,0
935,48.0,Female,West,Post-Graduate,Self-Employed,1231111.0,1071936.0,Home,630.0,8,169,32.63,2019-09-30,1
936,61.0,Other,South,Post-Graduate,Unemployed,1204993.0,1009801.0,Car,701.0,7,184,14.94,2021-11-08,1
937,42.0,Female,North,Secondary,Unemployed,461503.0,77773.0,Education,322.0,7,170,36.67,2017-12-17,0
938,41.0,,East,Secondary,Salaried,600065.0,467441.0,Business,535.0,10,150,28.24,2018-12-02,0
939,25.0,Other,East,Graduate,,282012.0,616703.0,Car,782.0,2,11,51.47,2017-06-02,0
940,52.0,Male,South,Graduate,Salaried,1015377.0,1351763.0,Car,586.0,9,177,29.07,2023-05-23,0
941,,Male,West,Primary,Salaried,,,Car,369.0,0,56,47.11,2017-02-22,1
942,40.0,Male,North,Post-Graduate,,1868982.0,364297.0,Other,349.0,4,93,75.51,2023-03-11,1
943,48.0,,South,Graduate,Self-Employed,1034931.0,160448.0,Education,495.0,8,111,64.36,2019-07-14,0
944,64.0,Female,East,Secondary,Self-Employed,,311463.0,Education,532.0,5,61,45.49,2023-09-17,0
945,57.0,Female,North,Graduate,Unemployed,,374436.0,Other,435.0,12,97,17.26,2021-09-23,0
946,32.0,Other,South,Secondary,,519145.0,715010.0,Home,401.0,12,21,11.06,2022-09-26,0
947,38.0,Male,West,Secondary,Unemployed,1428919.0,170995.0,Education,470.0,11,69,66.93,2022-06-19,0
948,25.0,Female,East,Primary,,533763.0,1126440.0,Other,399.0,4,54,27.51,2021-05-01,1
949,51.0,Other,North,Primary,Unemployed,1471913.0,1203847.0,Education,766.0,9,157,79.24,2021-09-18,0
950,22.0,Other,West,Graduate,Unemployed,602250.0,757882.0,Education,763.0,7,151,16.5,2017-11-23,0
951,29.0,Female,North,Post-Graduate,Self-Employed,1937832.0,1473889.0,Other,621.0,0,100,54.3,2020-09-23,0
952,,Other,North,Graduate,Salaried,392012.0,,Car,521.0,5,89,48.63,2016-09-01,0
953,,Other,North,Primary,Salaried,1915964.0,701855.0,Car,792.0,8,107,71.72,2023-05-31,0
954,55.0,Male,North,Graduate,Salaried,1959538.0,622619.0,Education,596.0,12,128,81.47,2018-02-07,0
955,64.0,Other,South,Secondary,Salaried,1554782.0,267453.0,Other,375.0,11,178,37.25,2020-12-22,0
956,45.0,Male,West,Secondary,Unemployed,,1365372.0,Home,449.0,7,35,12.99,2021-10-18,0
957,36.0,Other,West,Graduate,Unemployed,1930689.0,1467650.0,Car,,8,128,24.68,2021-03-27,0
958,,Male,North,Graduate,Unemployed,839053.0,1107893.0,Car,811.0,6,12,21.42,2019-04-19,1
959,64.0,Female,East,Graduate,Self-Employed,225476.0,1225525.0,Education,590.0,2,146,17.4,2018-07-12,1
960,40.0,,South,Secondary,Self-Employed,1094026.0,786684.0,Business,660.0,8,114,32.29,2017-03-30,0
961,24.0,Male,South,Secondary,Salaried,333070.0,313600.0,Education,412.0,5,86,56.33,2022-09-05,0
962,52.0,Female,West,Graduate,Salaried,1176491.0,1325894.0,Home,581.0,10,82,43.94,2024-01-04,0
963,40.0,Other,East,Primary,Salaried,1236016.0,286821.0,Business,428.0,3,83,78.89,2017-08-04,0
964,59.0,Male,East,Graduate,Salaried,491550.0,855913.0,Car,460.0,8,21,47.57,2020-11-12,1
965,,Male,East,Secondary,Self-Employed,1391414.0,659768.0,Business,,4,93,33.01,2021-03-23,1
966,38.0,Female,West,Post-Graduate,Salaried,,61702.0,Home,532.0,0,76,85.58,2021-09-15,1
967,27.0,Male,West,Post-Graduate,Salaried,,143000.0,Business,460.0,4,118,11.54,2016-03-13,1
968,,Female,North,Primary,Self-Employed,1439681.0,236136.0,Home,466.0,12,63,61.73,2022-11-02,0
969,28.0,Male,West,Secondary,Self-Employed,,766376.0,Business,773.0,11,161,22.56,2021-10-28,0
970,49.0,Female,East,Graduate,Salaried,1353401.0,880728.0,Car,494.0,3,41,50.15,2020-06-16,0
971,28.0,,North,Primary,Unemployed,1842738.0,799794.0,Education,560.0,8,164,83.83,2019-10-27,1
972,21.0,Other,South,Graduate,Salaried,798612.0,813865.0,Car,317.0,9,151,25.52,2023-09-22,1
973,63.0,Other,North,Graduate,Self-Employed,276992.0,674585.0,Home,612.0,0,195,34.7,2021-04-12,0
974,41.0,Male,South,Secondary,Salaried,,397471.0,Car,322.0,3,131,37.65,2024-03-07,0
975,59.0,Female,South,Post-Graduate,Unemployed,1723509.0,,Education,717.0,11,61,86.01,2018-11-03,0
976,22.0,Other,East,Secondary,Self-Employed,859239.0,1441931.0,Education,512.0,10,182,60.94,2017-11-06,0
977,54.0,Male,North,Primary,Self-Employed,,804811.0,Other,743.0,2,20,30.49,2023-12-07,1
978,,Female,South,Graduate,Self-Employed,,,Business,444.0,2,98,68.93,2020-02-19,1
979,,,South,Post-Graduate,Unemployed,448542.0,1381818.0,Business,429.0,11,64,24.67,2016-09-12,0
980,59.0,Female,North,Graduate,Unemployed,1599714.0,994163.0,Other,735.0,5,147,23.67,2016-04-08,0
981,60.0,Other,South,Graduate,Unemployed,1348565.0,714927.0,Home,468.0,8,164,30.25,2020-07-30,1
982,27.0,Female,North,Graduate,Unemployed,1668532.0,124106.0,Education,696.0,9,16,85.57,2019-01-15,0
983,35.0,Male,North,Primary,Unemployed,1398872.0,58044.0,Business,,11,133,28.18,2022-10-29,0
984,29.0,Other,West,Secondary,Salaried,,138685.0,Education,612.0,11,165,63.8,2022-04-13,1
985,50.0,,South,Primary,Unemployed,1823444.0,520186.0,Home,379.0,11,20,51.15,2017-11-23,0
986,64.0,Other,North,Primary,Salaried,1152553.0,1162226.0,Education,469.0,10,49,21.37,2018-10-09,0
987,37.0,,East,Post-Graduate,Salaried,789640.0,274740.0,Other,649.0,5,153,66.11,2020-01-08,0
988,58.0,Female,East,Graduate,Unemployed,,,Other,527.0,9,13,39.2,2018-05-20,1
989,61.0,Male,North,Secondary,Salaried,1475716.0,796682.0,Car,434.0,0,8,81.45,2020-11-22,1
990,59.0,,South,Primary,Salaried,475005.0,914745.0,Business,344.0,9,11,11.25,2018-07-31,1
991,41.0,Female,South,Primary,,1869513.0,1302063.0,Car,699.0,5,16,38.9,2019-01-01,0
992,23.0,Male,East,Post-Graduate,Salaried,,715489.0,Home,,8,36,40.54,2021-09-18,0
993,,Female,North,Graduate,Self-Employed,580415.0,146518.0,Business,437.0,4,109,59.31,2016-11-06,0
994,37.0,Female,East,Graduate,Unemployed,1896575.0,,Home,540.0,2,63,56.73,2020-10-08,0
995,37.0,Other,West,Secondary,Unemployed,973356.0,67732.0,Education,515.0,0,38,66.37,2023-12-03,0
996,,Female,West,Post-Graduate,Self-Employed,530933.0,670828.0,Other,805.0,1,37,87.68,2016-08-08,0
997,30.0,Female,East,Primary,Self-Employed,1128076.0,615197.0,Education,596.0,3,112,81.03,2019-03-18,0
998,21.0,Male,North,Primary,Self-Employed,1486663.0,778337.0,Education,667.0,0,19,31.75,2019-06-27,1
999,30.0,Other,West,Post-Graduate,Salaried,334951.0,287481.0,Other,441.0,6,90,35.77,2021-12-30,0
1000,45.0,Female,West,Graduate,Self-Employed,621932.0,857642.0,Other,655.0,4,95,36.58,2018-07-05,0
